#usda 1.0
(
    defaultPrim = "Fixture"
    metersPerUnit = 1
    upAxis = "Z"
)

def Xform "Fixture"
{
    def Xform "Columns"
    {
        def Mesh "A" (
            prepend apiSchemas = ["MaterialBindingAPI"]
        )
        {
            int[] faceVertexCounts = [3, 3, 3, 3, 3, 3, 3, 3, 3, 3, 3, 3, 3, 3, 3, 3, 3, 3, 3, 3, 3, 3, 3, 3, 3, 3, 3, 3, 3, 3, 3, 3, 3, 3, 3, 3, 3, 3, 3, 3, 3, 3, 3, 3, 3, 3, 3, 3, 3, 3, 3, 3, 3, 3, 3, 3, 3, 3, 3, 3, 3, 3, 3, 3, 4, 4, 4, 4, 4, 4, 4, 4, 4, 4, 4, 4, 4, 4, 4, 4, 4, 4, 4, 4, 4, 4, 4, 4, 4, 4, 4, 4, 4, 4, 4, 4, 4, 4, 4, 4, 4, 4, 4, 4, 4, 4, 4, 4, 4, 4, 4, 4, 4, 4, 4, 4, 4, 4, 4, 4, 4, 4, 4, 4, 4, 4, 4, 4, 4, 4, 4, 4, 4, 4, 4, 4, 4, 4, 4, 4, 4, 4, 4, 4, 4, 4, 4, 4, 4, 4, 4, 4, 4, 4, 4, 4, 4, 4, 4, 4, 4, 4, 4, 4, 4, 4, 4, 4, 4, 4, 4, 4, 4, 4, 4, 4, 4, 4, 4, 4, 4, 4, 4, 4, 4, 4, 4, 4, 4, 4, 4, 4, 4, 4, 4, 4, 4, 4, 4, 4, 4, 4, 4, 4, 4, 4, 4, 4, 4, 4, 4, 4, 4, 4, 4, 4, 4, 4, 4, 4, 4, 4, 4, 4, 4, 4, 4, 4, 4, 4, 4, 4, 4, 4, 4, 4, 4, 4, 4, 4, 4, 4, 4, 4, 4, 4, 4, 4, 4, 4, 4, 4, 4, 4, 4, 4, 4, 4, 4, 4, 4, 4, 4, 4, 4, 4, 4, 4, 4, 4, 4, 4, 4, 4, 4, 4, 4, 4, 4, 4, 4, 4, 4, 4, 4, 4, 4, 4, 4, 4, 4, 4, 4, 4, 4, 4, 4, 4, 4, 4, 4, 4, 4, 4, 4, 4, 4, 4, 4, 4, 4, 4, 4, 4, 4, 4, 4, 4, 4, 4, 3, 3, 3, 3, 3, 3, 3, 3, 3, 3, 3, 3, 3, 3, 3, 3, 3, 3, 3, 3, 3, 3, 3, 3, 3, 3, 3, 3, 3, 3, 3, 3, 3, 3, 3, 3, 3, 3, 3, 3, 3, 3, 3, 3, 3, 3, 3, 3, 3, 3, 3, 3, 3, 3, 3, 3, 3, 3, 3, 3, 3, 3, 3, 3]
            int[] faceVertexIndices = [0, 2, 1, 0, 3, 2, 0, 4, 3, 0, 5, 4, 0, 6, 5, 0, 7, 6, 0, 8, 7, 0, 9, 8, 0, 10, 9, 0, 11, 10, 0, 12, 11, 0, 13, 12, 0, 14, 13, 0, 15, 14, 0, 16, 15, 0, 17, 16, 0, 18, 17, 0, 19, 18, 0, 20, 19, 0, 21, 20, 0, 22, 21, 0, 23, 22, 0, 24, 23, 0, 25, 24, 0, 26, 25, 0, 27, 26, 0, 28, 27, 0, 29, 28, 0, 30, 29, 0, 31, 30, 0, 32, 31, 0, 33, 32, 0, 34, 33, 0, 35, 34, 0, 36, 35, 0, 37, 36, 0, 38, 37, 0, 39, 38, 0, 40, 39, 0, 41, 40, 0, 42, 41, 0, 43, 42, 0, 44, 43, 0, 45, 44, 0, 46, 45, 0, 47, 46, 0, 48, 47, 0, 49, 48, 0, 50, 49, 0, 51, 50, 0, 52, 51, 0, 53, 52, 0, 54, 53, 0, 55, 54, 0, 56, 55, 0, 57, 56, 0, 58, 57, 0, 59, 58, 0, 60, 59, 0, 61, 60, 0, 62, 61, 0, 63, 62, 0, 64, 63, 0, 1, 64, 1, 2, 66, 65, 2, 3, 67, 66, 3, 4, 68, 67, 4, 5, 69, 68, 5, 6, 70, 69, 6, 7, 71, 70, 7, 8, 72, 71, 8, 9, 73, 72, 9, 10, 74, 73, 10, 11, 75, 74, 11, 12, 76, 75, 12, 13, 77, 76, 13, 14, 78, 77, 14, 15, 79, 78, 15, 16, 80, 79, 16, 17, 81, 80, 17, 18, 82, 81, 18, 19, 83, 82, 19, 20, 84, 83, 20, 21, 85, 84, 21, 22, 86, 85, 22, 23, 87, 86, 23, 24, 88, 87, 24, 25, 89, 88, 25, 26, 90, 89, 26, 27, 91, 90, 27, 28, 92, 91, 28, 29, 93, 92, 29, 30, 94, 93, 30, 31, 95, 94, 31, 32, 96, 95, 32, 33, 97, 96, 33, 34, 98, 97, 34, 35, 99, 98, 35, 36, 100, 99, 36, 37, 101, 100, 37, 38, 102, 101, 38, 39, 103, 102, 39, 40, 104, 103, 40, 41, 105, 104, 41, 42, 106, 105, 42, 43, 107, 106, 43, 44, 108, 107, 44, 45, 109, 108, 45, 46, 110, 109, 46, 47, 111, 110, 47, 48, 112, 111, 48, 49, 113, 112, 49, 50, 114, 113, 50, 51, 115, 114, 51, 52, 116, 115, 52, 53, 117, 116, 53, 54, 118, 117, 54, 55, 119, 118, 55, 56, 120, 119, 56, 57, 121, 120, 57, 58, 122, 121, 58, 59, 123, 122, 59, 60, 124, 123, 60, 61, 125, 124, 61, 62, 126, 125, 62, 63, 127, 126, 63, 64, 128, 127, 64, 1, 65, 128, 65, 66, 130, 129, 66, 67, 131, 130, 67, 68, 132, 131, 68, 69, 133, 132, 69, 70, 134, 133, 70, 71, 135, 134, 71, 72, 136, 135, 72, 73, 137, 136, 73, 74, 138, 137, 74, 75, 139, 138, 75, 76, 140, 139, 76, 77, 141, 140, 77, 78, 142, 141, 78, 79, 143, 142, 79, 80, 144, 143, 80, 81, 145, 144, 81, 82, 146, 145, 82, 83, 147, 146, 83, 84, 148, 147, 84, 85, 149, 148, 85, 86, 150, 149, 86, 87, 151, 150, 87, 88, 152, 151, 88, 89, 153, 152, 89, 90, 154, 153, 90, 91, 155, 154, 91, 92, 156, 155, 92, 93, 157, 156, 93, 94, 158, 157, 94, 95, 159, 158, 95, 96, 160, 159, 96, 97, 161, 160, 97, 98, 162, 161, 98, 99, 163, 162, 99, 100, 164, 163, 100, 101, 165, 164, 101, 102, 166, 165, 102, 103, 167, 166, 103, 104, 168, 167, 104, 105, 169, 168, 105, 106, 170, 169, 106, 107, 171, 170, 107, 108, 172, 171, 108, 109, 173, 172, 109, 110, 174, 173, 110, 111, 175, 174, 111, 112, 176, 175, 112, 113, 177, 176, 113, 114, 178, 177, 114, 115, 179, 178, 115, 116, 180, 179, 116, 117, 181, 180, 117, 118, 182, 181, 118, 119, 183, 182, 119, 120, 184, 183, 120, 121, 185, 184, 121, 122, 186, 185, 122, 123, 187, 186, 123, 124, 188, 187, 124, 125, 189, 188, 125, 126, 190, 189, 126, 127, 191, 190, 127, 128, 192, 191, 128, 65, 129, 192, 129, 130, 194, 193, 130, 131, 195, 194, 131, 132, 196, 195, 132, 133, 197, 196, 133, 134, 198, 197, 134, 135, 199, 198, 135, 136, 200, 199, 136, 137, 201, 200, 137, 138, 202, 201, 138, 139, 203, 202, 139, 140, 204, 203, 140, 141, 205, 204, 141, 142, 206, 205, 142, 143, 207, 206, 143, 144, 208, 207, 144, 145, 209, 208, 145, 146, 210, 209, 146, 147, 211, 210, 147, 148, 212, 211, 148, 149, 213, 212, 149, 150, 214, 213, 150, 151, 215, 214, 151, 152, 216, 215, 152, 153, 217, 216, 153, 154, 218, 217, 154, 155, 219, 218, 155, 156, 220, 219, 156, 157, 221, 220, 157, 158, 222, 221, 158, 159, 223, 222, 159, 160, 224, 223, 160, 161, 225, 224, 161, 162, 226, 225, 162, 163, 227, 226, 163, 164, 228, 227, 164, 165, 229, 228, 165, 166, 230, 229, 166, 167, 231, 230, 167, 168, 232, 231, 168, 169, 233, 232, 169, 170, 234, 233, 170, 171, 235, 234, 171, 172, 236, 235, 172, 173, 237, 236, 173, 174, 238, 237, 174, 175, 239, 238, 175, 176, 240, 239, 176, 177, 241, 240, 177, 178, 242, 241, 178, 179, 243, 242, 179, 180, 244, 243, 180, 181, 245, 244, 181, 182, 246, 245, 182, 183, 247, 246, 183, 184, 248, 247, 184, 185, 249, 248, 185, 186, 250, 249, 186, 187, 251, 250, 187, 188, 252, 251, 188, 189, 253, 252, 189, 190, 254, 253, 190, 191, 255, 254, 191, 192, 256, 255, 192, 129, 193, 256, 193, 194, 258, 257, 194, 195, 259, 258, 195, 196, 260, 259, 196, 197, 261, 260, 197, 198, 262, 261, 198, 199, 263, 262, 199, 200, 264, 263, 200, 201, 265, 264, 201, 202, 266, 265, 202, 203, 267, 266, 203, 204, 268, 267, 204, 205, 269, 268, 205, 206, 270, 269, 206, 207, 271, 270, 207, 208, 272, 271, 208, 209, 273, 272, 209, 210, 274, 273, 210, 211, 275, 274, 211, 212, 276, 275, 212, 213, 277, 276, 213, 214, 278, 277, 214, 215, 279, 278, 215, 216, 280, 279, 216, 217, 281, 280, 217, 218, 282, 281, 218, 219, 283, 282, 219, 220, 284, 283, 220, 221, 285, 284, 221, 222, 286, 285, 222, 223, 287, 286, 223, 224, 288, 287, 224, 225, 289, 288, 225, 226, 290, 289, 226, 227, 291, 290, 227, 228, 292, 291, 228, 229, 293, 292, 229, 230, 294, 293, 230, 231, 295, 294, 231, 232, 296, 295, 232, 233, 297, 296, 233, 234, 298, 297, 234, 235, 299, 298, 235, 236, 300, 299, 236, 237, 301, 300, 237, 238, 302, 301, 238, 239, 303, 302, 239, 240, 304, 303, 240, 241, 305, 304, 241, 242, 306, 305, 242, 243, 307, 306, 243, 244, 308, 307, 244, 245, 309, 308, 245, 246, 310, 309, 246, 247, 311, 310, 247, 248, 312, 311, 248, 249, 313, 312, 249, 250, 314, 313, 250, 251, 315, 314, 251, 252, 316, 315, 252, 253, 317, 316, 253, 254, 318, 317, 254, 255, 319, 318, 255, 256, 320, 319, 256, 193, 257, 320, 257, 258, 321, 258, 259, 321, 259, 260, 321, 260, 261, 321, 261, 262, 321, 262, 263, 321, 263, 264, 321, 264, 265, 321, 265, 266, 321, 266, 267, 321, 267, 268, 321, 268, 269, 321, 269, 270, 321, 270, 271, 321, 271, 272, 321, 272, 273, 321, 273, 274, 321, 274, 275, 321, 275, 276, 321, 276, 277, 321, 277, 278, 321, 278, 279, 321, 279, 280, 321, 280, 281, 321, 281, 282, 321, 282, 283, 321, 283, 284, 321, 284, 285, 321, 285, 286, 321, 286, 287, 321, 287, 288, 321, 288, 289, 321, 289, 290, 321, 290, 291, 321, 291, 292, 321, 292, 293, 321, 293, 294, 321, 294, 295, 321, 295, 296, 321, 296, 297, 321, 297, 298, 321, 298, 299, 321, 299, 300, 321, 300, 301, 321, 301, 302, 321, 302, 303, 321, 303, 304, 321, 304, 305, 321, 305, 306, 321, 306, 307, 321, 307, 308, 321, 308, 309, 321, 309, 310, 321, 310, 311, 321, 311, 312, 321, 312, 313, 321, 313, 314, 321, 314, 315, 321, 315, 316, 321, 316, 317, 321, 317, 318, 321, 318, 319, 321, 319, 320, 321, 320, 257, 321]
            rel material:binding = </Fixture/Steel>
            point3f[] points = [(-0.22, 0.1, 0.02), (-0.195, 0.1, 0.02), (-0.19512038, 0.10245043, 0.02), (-0.19548036, 0.104877256, 0.02), (-0.1960765, 0.10725712, 0.02), (-0.196903, 0.10956708, 0.02), (-0.19795197, 0.11178492, 0.02), (-0.19921327, 0.113889255, 0.02), (-0.20067474, 0.11585983, 0.02), (-0.20232233, 0.117677666, 0.02), (-0.20414017, 0.11932526, 0.02), (-0.20611075, 0.12078674, 0.02), (-0.20821509, 0.122048035, 0.02), (-0.21043292, 0.12309699, 0.02), (-0.21274288, 0.12392351, 0.02), (-0.21512274, 0.12451963, 0.02), (-0.21754958, 0.12487962, 0.02), (-0.22, 0.125, 0.02), (-0.22245044, 0.12487962, 0.02), (-0.22487725, 0.12451963, 0.02), (-0.22725712, 0.12392351, 0.02), (-0.22956708, 0.12309699, 0.02), (-0.23178492, 0.122048035, 0.02), (-0.23388925, 0.12078674, 0.02), (-0.23585983, 0.11932526, 0.02), (-0.23767766, 0.117677666, 0.02), (-0.23932526, 0.11585983, 0.02), (-0.24078675, 0.113889255, 0.02), (-0.24204803, 0.11178492, 0.02), (-0.24309699, 0.10956708, 0.02), (-0.24392352, 0.10725712, 0.02), (-0.24451964, 0.104877256, 0.02), (-0.24487962, 0.10245043, 0.02), (-0.245, 0.1, 0.02), (-0.24487962, 0.09754957, 0.02), (-0.24451964, 0.09512274, 0.02), (-0.24392352, 0.09274288, 0.02), (-0.24309699, 0.09043291, 0.02), (-0.24204803, 0.08821508, 0.02), (-0.24078675, 0.08611074, 0.02), (-0.23932526, 0.08414017, 0.02), (-0.23767766, 0.08232233, 0.02), (-0.23585983, 0.08067474, 0.02), (-0.23388925, 0.07921326, 0.02), (-0.23178492, 0.07795197, 0.02), (-0.22956708, 0.076903015, 0.02), (-0.22725712, 0.07607649, 0.02), (-0.22487725, 0.07548037, 0.02), (-0.22245044, 0.07512038, 0.02), (-0.22, 0.075, 0.02), (-0.21754958, 0.07512038, 0.02), (-0.21512274, 0.07548037, 0.02), (-0.21274288, 0.07607649, 0.02), (-0.21043292, 0.076903015, 0.02), (-0.20821509, 0.07795197, 0.02), (-0.20611075, 0.07921326, 0.02), (-0.20414017, 0.08067474, 0.02), (-0.20232233, 0.08232233, 0.02), (-0.20067474, 0.08414017, 0.02), (-0.19921327, 0.08611074, 0.02), (-0.19795197, 0.08821508, 0.02), (-0.196903, 0.09043291, 0.02), (-0.1960765, 0.09274288, 0.02), (-0.19548036, 0.09512274, 0.02), (-0.19512038, 0.09754957, 0.02), (-0.195, 0.1, 0.12), (-0.19512038, 0.10245043, 0.12), (-0.19548036, 0.104877256, 0.12), (-0.1960765, 0.10725712, 0.12), (-0.196903, 0.10956708, 0.12), (-0.19795197, 0.11178492, 0.12), (-0.19921327, 0.113889255, 0.12), (-0.20067474, 0.11585983, 0.12), (-0.20232233, 0.117677666, 0.12), (-0.20414017, 0.11932526, 0.12), (-0.20611075, 0.12078674, 0.12), (-0.20821509, 0.122048035, 0.12), (-0.21043292, 0.12309699, 0.12), (-0.21274288, 0.12392351, 0.12), (-0.21512274, 0.12451963, 0.12), (-0.21754958, 0.12487962, 0.12), (-0.22, 0.125, 0.12), (-0.22245044, 0.12487962, 0.12), (-0.22487725, 0.12451963, 0.12), (-0.22725712, 0.12392351, 0.12), (-0.22956708, 0.12309699, 0.12), (-0.23178492, 0.122048035, 0.12), (-0.23388925, 0.12078674, 0.12), (-0.23585983, 0.11932526, 0.12), (-0.23767766, 0.117677666, 0.12), (-0.23932526, 0.11585983, 0.12), (-0.24078675, 0.113889255, 0.12), (-0.24204803, 0.11178492, 0.12), (-0.24309699, 0.10956708, 0.12), (-0.24392352, 0.10725712, 0.12), (-0.24451964, 0.104877256, 0.12), (-0.24487962, 0.10245043, 0.12), (-0.245, 0.1, 0.12), (-0.24487962, 0.09754957, 0.12), (-0.24451964, 0.09512274, 0.12), (-0.24392352, 0.09274288, 0.12), (-0.24309699, 0.09043291, 0.12), (-0.24204803, 0.08821508, 0.12), (-0.24078675, 0.08611074, 0.12), (-0.23932526, 0.08414017, 0.12), (-0.23767766, 0.08232233, 0.12), (-0.23585983, 0.08067474, 0.12), (-0.23388925, 0.07921326, 0.12), (-0.23178492, 0.07795197, 0.12), (-0.22956708, 0.076903015, 0.12), (-0.22725712, 0.07607649, 0.12), (-0.22487725, 0.07548037, 0.12), (-0.22245044, 0.07512038, 0.12), (-0.22, 0.075, 0.12), (-0.21754958, 0.07512038, 0.12), (-0.21512274, 0.07548037, 0.12), (-0.21274288, 0.07607649, 0.12), (-0.21043292, 0.076903015, 0.12), (-0.20821509, 0.07795197, 0.12), (-0.20611075, 0.07921326, 0.12), (-0.20414017, 0.08067474, 0.12), (-0.20232233, 0.08232233, 0.12), (-0.20067474, 0.08414017, 0.12), (-0.19921327, 0.08611074, 0.12), (-0.19795197, 0.08821508, 0.12), (-0.196903, 0.09043291, 0.12), (-0.1960765, 0.09274288, 0.12), (-0.19548036, 0.09512274, 0.12), (-0.19512038, 0.09754957, 0.12), (-0.212, 0.1, 0.12), (-0.21203852, 0.10078414, 0.12), (-0.21215372, 0.10156072, 0.12), (-0.21234448, 0.10232228, 0.12), (-0.21260896, 0.10306147, 0.12), (-0.21294463, 0.10377117, 0.12), (-0.21334824, 0.10444456, 0.12), (-0.21381591, 0.10507514, 0.12), (-0.21434315, 0.105656855, 0.12), (-0.21492486, 0.10618408, 0.12), (-0.21555544, 0.10665175, 0.12), (-0.21622883, 0.10705537, 0.12), (-0.21693853, 0.10739104, 0.12), (-0.21767773, 0.107655525, 0.12), (-0.21843928, 0.10784628, 0.12), (-0.21921587, 0.107961476, 0.12), (-0.22, 0.108, 0.12), (-0.22078414, 0.107961476, 0.12), (-0.22156072, 0.10784628, 0.12), (-0.22232227, 0.107655525, 0.12), (-0.22306147, 0.10739104, 0.12), (-0.22377117, 0.10705537, 0.12), (-0.22444457, 0.10665175, 0.12), (-0.22507514, 0.10618408, 0.12), (-0.22565685, 0.105656855, 0.12), (-0.22618409, 0.10507514, 0.12), (-0.22665176, 0.10444456, 0.12), (-0.22705537, 0.10377117, 0.12), (-0.22739103, 0.10306147, 0.12), (-0.22765553, 0.10232228, 0.12), (-0.22784628, 0.10156072, 0.12), (-0.22796148, 0.10078414, 0.12), (-0.228, 0.1, 0.12), (-0.22796148, 0.099215865, 0.12), (-0.22784628, 0.098439276, 0.12), (-0.22765553, 0.09767772, 0.12), (-0.22739103, 0.096938536, 0.12), (-0.22705537, 0.09622882, 0.12), (-0.22665176, 0.09555544, 0.12), (-0.22618409, 0.09492485, 0.12), (-0.22565685, 0.09434315, 0.12), (-0.22507514, 0.093815915, 0.12), (-0.22444457, 0.09334824, 0.12), (-0.22377117, 0.09294463, 0.12), (-0.22306147, 0.092608966, 0.12), (-0.22232227, 0.09234448, 0.12), (-0.22156072, 0.09215372, 0.12), (-0.22078414, 0.09203852, 0.12), (-0.22, 0.092, 0.12), (-0.21921587, 0.09203852, 0.12), (-0.21843928, 0.09215372, 0.12), (-0.21767773, 0.09234448, 0.12), (-0.21693853, 0.092608966, 0.12), (-0.21622883, 0.09294463, 0.12), (-0.21555544, 0.09334824, 0.12), (-0.21492486, 0.093815915, 0.12), (-0.21434315, 0.09434315, 0.12), (-0.21381591, 0.09492485, 0.12), (-0.21334824, 0.09555544, 0.12), (-0.21294463, 0.09622882, 0.12), (-0.21260896, 0.096938536, 0.12), (-0.21234448, 0.09767772, 0.12), (-0.21215372, 0.098439276, 0.12), (-0.21203852, 0.099215865, 0.12), (-0.212, 0.1, 0.135), (-0.21203852, 0.10078414, 0.135), (-0.21215372, 0.10156072, 0.135), (-0.21234448, 0.10232228, 0.135), (-0.21260896, 0.10306147, 0.135), (-0.21294463, 0.10377117, 0.135), (-0.21334824, 0.10444456, 0.135), (-0.21381591, 0.10507514, 0.135), (-0.21434315, 0.105656855, 0.135), (-0.21492486, 0.10618408, 0.135), (-0.21555544, 0.10665175, 0.135), (-0.21622883, 0.10705537, 0.135), (-0.21693853, 0.10739104, 0.135), (-0.21767773, 0.107655525, 0.135), (-0.21843928, 0.10784628, 0.135), (-0.21921587, 0.107961476, 0.135), (-0.22, 0.108, 0.135), (-0.22078414, 0.107961476, 0.135), (-0.22156072, 0.10784628, 0.135), (-0.22232227, 0.107655525, 0.135), (-0.22306147, 0.10739104, 0.135), (-0.22377117, 0.10705537, 0.135), (-0.22444457, 0.10665175, 0.135), (-0.22507514, 0.10618408, 0.135), (-0.22565685, 0.105656855, 0.135), (-0.22618409, 0.10507514, 0.135), (-0.22665176, 0.10444456, 0.135), (-0.22705537, 0.10377117, 0.135), (-0.22739103, 0.10306147, 0.135), (-0.22765553, 0.10232228, 0.135), (-0.22784628, 0.10156072, 0.135), (-0.22796148, 0.10078414, 0.135), (-0.228, 0.1, 0.135), (-0.22796148, 0.099215865, 0.135), (-0.22784628, 0.098439276, 0.135), (-0.22765553, 0.09767772, 0.135), (-0.22739103, 0.096938536, 0.135), (-0.22705537, 0.09622882, 0.135), (-0.22665176, 0.09555544, 0.135), (-0.22618409, 0.09492485, 0.135), (-0.22565685, 0.09434315, 0.135), (-0.22507514, 0.093815915, 0.135), (-0.22444457, 0.09334824, 0.135), (-0.22377117, 0.09294463, 0.135), (-0.22306147, 0.092608966, 0.135), (-0.22232227, 0.09234448, 0.135), (-0.22156072, 0.09215372, 0.135), (-0.22078414, 0.09203852, 0.135), (-0.22, 0.092, 0.135), (-0.21921587, 0.09203852, 0.135), (-0.21843928, 0.09215372, 0.135), (-0.21767773, 0.09234448, 0.135), (-0.21693853, 0.092608966, 0.135), (-0.21622883, 0.09294463, 0.135), (-0.21555544, 0.09334824, 0.135), (-0.21492486, 0.093815915, 0.135), (-0.21434315, 0.09434315, 0.135), (-0.21381591, 0.09492485, 0.135), (-0.21334824, 0.09555544, 0.135), (-0.21294463, 0.09622882, 0.135), (-0.21260896, 0.096938536, 0.135), (-0.21234448, 0.09767772, 0.135), (-0.21215372, 0.098439276, 0.135), (-0.21203852, 0.099215865, 0.135), (-0.216, 0.1, 0.14), (-0.21601926, 0.100392066, 0.14), (-0.21607687, 0.10078036, 0.14), (-0.21617223, 0.10116114, 0.14), (-0.21630448, 0.10153073, 0.14), (-0.21647231, 0.10188559, 0.14), (-0.21667412, 0.10222228, 0.14), (-0.21690796, 0.10253757, 0.14), (-0.21717158, 0.10282843, 0.14), (-0.21746242, 0.103092045, 0.14), (-0.21777771, 0.10332588, 0.14), (-0.2181144, 0.10352769, 0.14), (-0.21846926, 0.10369552, 0.14), (-0.21883886, 0.10382776, 0.14), (-0.21921964, 0.10392314, 0.14), (-0.21960793, 0.10398074, 0.14), (-0.22, 0.104, 0.14), (-0.22039206, 0.10398074, 0.14), (-0.22078036, 0.10392314, 0.14), (-0.22116114, 0.10382776, 0.14), (-0.22153074, 0.10369552, 0.14), (-0.22188559, 0.10352769, 0.14), (-0.22222228, 0.10332588, 0.14), (-0.22253758, 0.103092045, 0.14), (-0.22282843, 0.10282843, 0.14), (-0.22309203, 0.10253757, 0.14), (-0.22332588, 0.10222228, 0.14), (-0.22352768, 0.10188559, 0.14), (-0.22369552, 0.10153073, 0.14), (-0.22382776, 0.10116114, 0.14), (-0.22392315, 0.10078036, 0.14), (-0.22398074, 0.100392066, 0.14), (-0.224, 0.1, 0.14), (-0.22398074, 0.09960793, 0.14), (-0.22392315, 0.099219635, 0.14), (-0.22382776, 0.09883886, 0.14), (-0.22369552, 0.098469265, 0.14), (-0.22352768, 0.098114416, 0.14), (-0.22332588, 0.09777772, 0.14), (-0.22309203, 0.09746242, 0.14), (-0.22282843, 0.097171575, 0.14), (-0.22253758, 0.09690796, 0.14), (-0.22222228, 0.09667412, 0.14), (-0.22188559, 0.096472315, 0.14), (-0.22153074, 0.09630448, 0.14), (-0.22116114, 0.096172236, 0.14), (-0.22078036, 0.09607686, 0.14), (-0.22039206, 0.09601926, 0.14), (-0.22, 0.096, 0.14), (-0.21960793, 0.09601926, 0.14), (-0.21921964, 0.09607686, 0.14), (-0.21883886, 0.096172236, 0.14), (-0.21846926, 0.09630448, 0.14), (-0.2181144, 0.096472315, 0.14), (-0.21777771, 0.09667412, 0.14), (-0.21746242, 0.09690796, 0.14), (-0.21717158, 0.097171575, 0.14), (-0.21690796, 0.09746242, 0.14), (-0.21667412, 0.09777772, 0.14), (-0.21647231, 0.098114416, 0.14), (-0.21630448, 0.098469265, 0.14), (-0.21617223, 0.09883886, 0.14), (-0.21607687, 0.099219635, 0.14), (-0.21601926, 0.09960793, 0.14), (-0.22, 0.1, 0.14)]
            uniform token subdivisionScheme = "none"
        }

        def Mesh "B" (
            prepend apiSchemas = ["MaterialBindingAPI"]
        )
        {
            int[] faceVertexCounts = [3, 3, 3, 3, 3, 3, 3, 3, 3, 3, 3, 3, 3, 3, 3, 3, 3, 3, 3, 3, 3, 3, 3, 3, 3, 3, 3, 3, 3, 3, 3, 3, 3, 3, 3, 3, 3, 3, 3, 3, 3, 3, 3, 3, 3, 3, 3, 3, 3, 3, 3, 3, 3, 3, 3, 3, 3, 3, 3, 3, 3, 3, 3, 3, 4, 4, 4, 4, 4, 4, 4, 4, 4, 4, 4, 4, 4, 4, 4, 4, 4, 4, 4, 4, 4, 4, 4, 4, 4, 4, 4, 4, 4, 4, 4, 4, 4, 4, 4, 4, 4, 4, 4, 4, 4, 4, 4, 4, 4, 4, 4, 4, 4, 4, 4, 4, 4, 4, 4, 4, 4, 4, 4, 4, 4, 4, 4, 4, 4, 4, 4, 4, 4, 4, 4, 4, 4, 4, 4, 4, 4, 4, 4, 4, 4, 4, 4, 4, 4, 4, 4, 4, 4, 4, 4, 4, 4, 4, 4, 4, 4, 4, 4, 4, 4, 4, 4, 4, 4, 4, 4, 4, 4, 4, 4, 4, 4, 4, 4, 4, 4, 4, 4, 4, 4, 4, 4, 4, 4, 4, 4, 4, 4, 4, 4, 4, 4, 4, 4, 4, 4, 4, 4, 4, 4, 4, 4, 4, 4, 4, 4, 4, 4, 4, 4, 4, 4, 4, 4, 4, 4, 4, 4, 4, 4, 4, 4, 4, 4, 4, 4, 4, 4, 4, 4, 4, 4, 4, 4, 4, 4, 4, 4, 4, 4, 4, 4, 4, 4, 4, 4, 4, 4, 4, 4, 4, 4, 4, 4, 4, 4, 4, 4, 4, 4, 4, 4, 4, 4, 4, 4, 4, 4, 4, 4, 4, 4, 4, 4, 4, 4, 4, 4, 4, 4, 4, 4, 4, 4, 4, 4, 4, 4, 4, 4, 4, 4, 4, 4, 4, 4, 4, 4, 4, 4, 4, 4, 4, 4, 4, 4, 4, 4, 4, 4, 4, 4, 4, 4, 4, 3, 3, 3, 3, 3, 3, 3, 3, 3, 3, 3, 3, 3, 3, 3, 3, 3, 3, 3, 3, 3, 3, 3, 3, 3, 3, 3, 3, 3, 3, 3, 3, 3, 3, 3, 3, 3, 3, 3, 3, 3, 3, 3, 3, 3, 3, 3, 3, 3, 3, 3, 3, 3, 3, 3, 3, 3, 3, 3, 3, 3, 3, 3, 3]
            int[] faceVertexIndices = [0, 2, 1, 0, 3, 2, 0, 4, 3, 0, 5, 4, 0, 6, 5, 0, 7, 6, 0, 8, 7, 0, 9, 8, 0, 10, 9, 0, 11, 10, 0, 12, 11, 0, 13, 12, 0, 14, 13, 0, 15, 14, 0, 16, 15, 0, 17, 16, 0, 18, 17, 0, 19, 18, 0, 20, 19, 0, 21, 20, 0, 22, 21, 0, 23, 22, 0, 24, 23, 0, 25, 24, 0, 26, 25, 0, 27, 26, 0, 28, 27, 0, 29, 28, 0, 30, 29, 0, 31, 30, 0, 32, 31, 0, 33, 32, 0, 34, 33, 0, 35, 34, 0, 36, 35, 0, 37, 36, 0, 38, 37, 0, 39, 38, 0, 40, 39, 0, 41, 40, 0, 42, 41, 0, 43, 42, 0, 44, 43, 0, 45, 44, 0, 46, 45, 0, 47, 46, 0, 48, 47, 0, 49, 48, 0, 50, 49, 0, 51, 50, 0, 52, 51, 0, 53, 52, 0, 54, 53, 0, 55, 54, 0, 56, 55, 0, 57, 56, 0, 58, 57, 0, 59, 58, 0, 60, 59, 0, 61, 60, 0, 62, 61, 0, 63, 62, 0, 64, 63, 0, 1, 64, 1, 2, 66, 65, 2, 3, 67, 66, 3, 4, 68, 67, 4, 5, 69, 68, 5, 6, 70, 69, 6, 7, 71, 70, 7, 8, 72, 71, 8, 9, 73, 72, 9, 10, 74, 73, 10, 11, 75, 74, 11, 12, 76, 75, 12, 13, 77, 76, 13, 14, 78, 77, 14, 15, 79, 78, 15, 16, 80, 79, 16, 17, 81, 80, 17, 18, 82, 81, 18, 19, 83, 82, 19, 20, 84, 83, 20, 21, 85, 84, 21, 22, 86, 85, 22, 23, 87, 86, 23, 24, 88, 87, 24, 25, 89, 88, 25, 26, 90, 89, 26, 27, 91, 90, 27, 28, 92, 91, 28, 29, 93, 92, 29, 30, 94, 93, 30, 31, 95, 94, 31, 32, 96, 95, 32, 33, 97, 96, 33, 34, 98, 97, 34, 35, 99, 98, 35, 36, 100, 99, 36, 37, 101, 100, 37, 38, 102, 101, 38, 39, 103, 102, 39, 40, 104, 103, 40, 41, 105, 104, 41, 42, 106, 105, 42, 43, 107, 106, 43, 44, 108, 107, 44, 45, 109, 108, 45, 46, 110, 109, 46, 47, 111, 110, 47, 48, 112, 111, 48, 49, 113, 112, 49, 50, 114, 113, 50, 51, 115, 114, 51, 52, 116, 115, 52, 53, 117, 116, 53, 54, 118, 117, 54, 55, 119, 118, 55, 56, 120, 119, 56, 57, 121, 120, 57, 58, 122, 121, 58, 59, 123, 122, 59, 60, 124, 123, 60, 61, 125, 124, 61, 62, 126, 125, 62, 63, 127, 126, 63, 64, 128, 127, 64, 1, 65, 128, 65, 66, 130, 129, 66, 67, 131, 130, 67, 68, 132, 131, 68, 69, 133, 132, 69, 70, 134, 133, 70, 71, 135, 134, 71, 72, 136, 135, 72, 73, 137, 136, 73, 74, 138, 137, 74, 75, 139, 138, 75, 76, 140, 139, 76, 77, 141, 140, 77, 78, 142, 141, 78, 79, 143, 142, 79, 80, 144, 143, 80, 81, 145, 144, 81, 82, 146, 145, 82, 83, 147, 146, 83, 84, 148, 147, 84, 85, 149, 148, 85, 86, 150, 149, 86, 87, 151, 150, 87, 88, 152, 151, 88, 89, 153, 152, 89, 90, 154, 153, 90, 91, 155, 154, 91, 92, 156, 155, 92, 93, 157, 156, 93, 94, 158, 157, 94, 95, 159, 158, 95, 96, 160, 159, 96, 97, 161, 160, 97, 98, 162, 161, 98, 99, 163, 162, 99, 100, 164, 163, 100, 101, 165, 164, 101, 102, 166, 165, 102, 103, 167, 166, 103, 104, 168, 167, 104, 105, 169, 168, 105, 106, 170, 169, 106, 107, 171, 170, 107, 108, 172, 171, 108, 109, 173, 172, 109, 110, 174, 173, 110, 111, 175, 174, 111, 112, 176, 175, 112, 113, 177, 176, 113, 114, 178, 177, 114, 115, 179, 178, 115, 116, 180, 179, 116, 117, 181, 180, 117, 118, 182, 181, 118, 119, 183, 182, 119, 120, 184, 183, 120, 121, 185, 184, 121, 122, 186, 185, 122, 123, 187, 186, 123, 124, 188, 187, 124, 125, 189, 188, 125, 126, 190, 189, 126, 127, 191, 190, 127, 128, 192, 191, 128, 65, 129, 192, 129, 130, 194, 193, 130, 131, 195, 194, 131, 132, 196, 195, 132, 133, 197, 196, 133, 134, 198, 197, 134, 135, 199, 198, 135, 136, 200, 199, 136, 137, 201, 200, 137, 138, 202, 201, 138, 139, 203, 202, 139, 140, 204, 203, 140, 141, 205, 204, 141, 142, 206, 205, 142, 143, 207, 206, 143, 144, 208, 207, 144, 145, 209, 208, 145, 146, 210, 209, 146, 147, 211, 210, 147, 148, 212, 211, 148, 149, 213, 212, 149, 150, 214, 213, 150, 151, 215, 214, 151, 152, 216, 215, 152, 153, 217, 216, 153, 154, 218, 217, 154, 155, 219, 218, 155, 156, 220, 219, 156, 157, 221, 220, 157, 158, 222, 221, 158, 159, 223, 222, 159, 160, 224, 223, 160, 161, 225, 224, 161, 162, 226, 225, 162, 163, 227, 226, 163, 164, 228, 227, 164, 165, 229, 228, 165, 166, 230, 229, 166, 167, 231, 230, 167, 168, 232, 231, 168, 169, 233, 232, 169, 170, 234, 233, 170, 171, 235, 234, 171, 172, 236, 235, 172, 173, 237, 236, 173, 174, 238, 237, 174, 175, 239, 238, 175, 176, 240, 239, 176, 177, 241, 240, 177, 178, 242, 241, 178, 179, 243, 242, 179, 180, 244, 243, 180, 181, 245, 244, 181, 182, 246, 245, 182, 183, 247, 246, 183, 184, 248, 247, 184, 185, 249, 248, 185, 186, 250, 249, 186, 187, 251, 250, 187, 188, 252, 251, 188, 189, 253, 252, 189, 190, 254, 253, 190, 191, 255, 254, 191, 192, 256, 255, 192, 129, 193, 256, 193, 194, 258, 257, 194, 195, 259, 258, 195, 196, 260, 259, 196, 197, 261, 260, 197, 198, 262, 261, 198, 199, 263, 262, 199, 200, 264, 263, 200, 201, 265, 264, 201, 202, 266, 265, 202, 203, 267, 266, 203, 204, 268, 267, 204, 205, 269, 268, 205, 206, 270, 269, 206, 207, 271, 270, 207, 208, 272, 271, 208, 209, 273, 272, 209, 210, 274, 273, 210, 211, 275, 274, 211, 212, 276, 275, 212, 213, 277, 276, 213, 214, 278, 277, 214, 215, 279, 278, 215, 216, 280, 279, 216, 217, 281, 280, 217, 218, 282, 281, 218, 219, 283, 282, 219, 220, 284, 283, 220, 221, 285, 284, 221, 222, 286, 285, 222, 223, 287, 286, 223, 224, 288, 287, 224, 225, 289, 288, 225, 226, 290, 289, 226, 227, 291, 290, 227, 228, 292, 291, 228, 229, 293, 292, 229, 230, 294, 293, 230, 231, 295, 294, 231, 232, 296, 295, 232, 233, 297, 296, 233, 234, 298, 297, 234, 235, 299, 298, 235, 236, 300, 299, 236, 237, 301, 300, 237, 238, 302, 301, 238, 239, 303, 302, 239, 240, 304, 303, 240, 241, 305, 304, 241, 242, 306, 305, 242, 243, 307, 306, 243, 244, 308, 307, 244, 245, 309, 308, 245, 246, 310, 309, 246, 247, 311, 310, 247, 248, 312, 311, 248, 249, 313, 312, 249, 250, 314, 313, 250, 251, 315, 314, 251, 252, 316, 315, 252, 253, 317, 316, 253, 254, 318, 317, 254, 255, 319, 318, 255, 256, 320, 319, 256, 193, 257, 320, 257, 258, 321, 258, 259, 321, 259, 260, 321, 260, 261, 321, 261, 262, 321, 262, 263, 321, 263, 264, 321, 264, 265, 321, 265, 266, 321, 266, 267, 321, 267, 268, 321, 268, 269, 321, 269, 270, 321, 270, 271, 321, 271, 272, 321, 272, 273, 321, 273, 274, 321, 274, 275, 321, 275, 276, 321, 276, 277, 321, 277, 278, 321, 278, 279, 321, 279, 280, 321, 280, 281, 321, 281, 282, 321, 282, 283, 321, 283, 284, 321, 284, 285, 321, 285, 286, 321, 286, 287, 321, 287, 288, 321, 288, 289, 321, 289, 290, 321, 290, 291, 321, 291, 292, 321, 292, 293, 321, 293, 294, 321, 294, 295, 321, 295, 296, 321, 296, 297, 321, 297, 298, 321, 298, 299, 321, 299, 300, 321, 300, 301, 321, 301, 302, 321, 302, 303, 321, 303, 304, 321, 304, 305, 321, 305, 306, 321, 306, 307, 321, 307, 308, 321, 308, 309, 321, 309, 310, 321, 310, 311, 321, 311, 312, 321, 312, 313, 321, 313, 314, 321, 314, 315, 321, 315, 316, 321, 316, 317, 321, 317, 318, 321, 318, 319, 321, 319, 320, 321, 320, 257, 321]
            rel material:binding = </Fixture/Steel>
            point3f[] points = [(-0.22, -0.1, 0.02), (-0.195, -0.1, 0.02), (-0.19512038, -0.09754957, 0.02), (-0.19548036, -0.09512274, 0.02), (-0.1960765, -0.09274288, 0.02), (-0.196903, -0.09043291, 0.02), (-0.19795197, -0.08821508, 0.02), (-0.19921327, -0.08611074, 0.02), (-0.20067474, -0.08414017, 0.02), (-0.20232233, -0.08232233, 0.02), (-0.20414017, -0.08067474, 0.02), (-0.20611075, -0.07921326, 0.02), (-0.20821509, -0.07795197, 0.02), (-0.21043292, -0.076903015, 0.02), (-0.21274288, -0.07607649, 0.02), (-0.21512274, -0.07548037, 0.02), (-0.21754958, -0.07512038, 0.02), (-0.22, -0.075, 0.02), (-0.22245044, -0.07512038, 0.02), (-0.22487725, -0.07548037, 0.02), (-0.22725712, -0.07607649, 0.02), (-0.22956708, -0.076903015, 0.02), (-0.23178492, -0.07795197, 0.02), (-0.23388925, -0.07921326, 0.02), (-0.23585983, -0.08067474, 0.02), (-0.23767766, -0.08232233, 0.02), (-0.23932526, -0.08414017, 0.02), (-0.24078675, -0.08611074, 0.02), (-0.24204803, -0.08821508, 0.02), (-0.24309699, -0.09043291, 0.02), (-0.24392352, -0.09274288, 0.02), (-0.24451964, -0.09512274, 0.02), (-0.24487962, -0.09754957, 0.02), (-0.245, -0.1, 0.02), (-0.24487962, -0.10245043, 0.02), (-0.24451964, -0.104877256, 0.02), (-0.24392352, -0.10725712, 0.02), (-0.24309699, -0.10956708, 0.02), (-0.24204803, -0.11178492, 0.02), (-0.24078675, -0.113889255, 0.02), (-0.23932526, -0.11585983, 0.02), (-0.23767766, -0.117677666, 0.02), (-0.23585983, -0.11932526, 0.02), (-0.23388925, -0.12078674, 0.02), (-0.23178492, -0.122048035, 0.02), (-0.22956708, -0.12309699, 0.02), (-0.22725712, -0.12392351, 0.02), (-0.22487725, -0.12451963, 0.02), (-0.22245044, -0.12487962, 0.02), (-0.22, -0.125, 0.02), (-0.21754958, -0.12487962, 0.02), (-0.21512274, -0.12451963, 0.02), (-0.21274288, -0.12392351, 0.02), (-0.21043292, -0.12309699, 0.02), (-0.20821509, -0.122048035, 0.02), (-0.20611075, -0.12078674, 0.02), (-0.20414017, -0.11932526, 0.02), (-0.20232233, -0.117677666, 0.02), (-0.20067474, -0.11585983, 0.02), (-0.19921327, -0.113889255, 0.02), (-0.19795197, -0.11178492, 0.02), (-0.196903, -0.10956708, 0.02), (-0.1960765, -0.10725712, 0.02), (-0.19548036, -0.104877256, 0.02), (-0.19512038, -0.10245043, 0.02), (-0.195, -0.1, 0.12), (-0.19512038, -0.09754957, 0.12), (-0.19548036, -0.09512274, 0.12), (-0.1960765, -0.09274288, 0.12), (-0.196903, -0.09043291, 0.12), (-0.19795197, -0.08821508, 0.12), (-0.19921327, -0.08611074, 0.12), (-0.20067474, -0.08414017, 0.12), (-0.20232233, -0.08232233, 0.12), (-0.20414017, -0.08067474, 0.12), (-0.20611075, -0.07921326, 0.12), (-0.20821509, -0.07795197, 0.12), (-0.21043292, -0.076903015, 0.12), (-0.21274288, -0.07607649, 0.12), (-0.21512274, -0.07548037, 0.12), (-0.21754958, -0.07512038, 0.12), (-0.22, -0.075, 0.12), (-0.22245044, -0.07512038, 0.12), (-0.22487725, -0.07548037, 0.12), (-0.22725712, -0.07607649, 0.12), (-0.22956708, -0.076903015, 0.12), (-0.23178492, -0.07795197, 0.12), (-0.23388925, -0.07921326, 0.12), (-0.23585983, -0.08067474, 0.12), (-0.23767766, -0.08232233, 0.12), (-0.23932526, -0.08414017, 0.12), (-0.24078675, -0.08611074, 0.12), (-0.24204803, -0.08821508, 0.12), (-0.24309699, -0.09043291, 0.12), (-0.24392352, -0.09274288, 0.12), (-0.24451964, -0.09512274, 0.12), (-0.24487962, -0.09754957, 0.12), (-0.245, -0.1, 0.12), (-0.24487962, -0.10245043, 0.12), (-0.24451964, -0.104877256, 0.12), (-0.24392352, -0.10725712, 0.12), (-0.24309699, -0.10956708, 0.12), (-0.24204803, -0.11178492, 0.12), (-0.24078675, -0.113889255, 0.12), (-0.23932526, -0.11585983, 0.12), (-0.23767766, -0.117677666, 0.12), (-0.23585983, -0.11932526, 0.12), (-0.23388925, -0.12078674, 0.12), (-0.23178492, -0.122048035, 0.12), (-0.22956708, -0.12309699, 0.12), (-0.22725712, -0.12392351, 0.12), (-0.22487725, -0.12451963, 0.12), (-0.22245044, -0.12487962, 0.12), (-0.22, -0.125, 0.12), (-0.21754958, -0.12487962, 0.12), (-0.21512274, -0.12451963, 0.12), (-0.21274288, -0.12392351, 0.12), (-0.21043292, -0.12309699, 0.12), (-0.20821509, -0.122048035, 0.12), (-0.20611075, -0.12078674, 0.12), (-0.20414017, -0.11932526, 0.12), (-0.20232233, -0.117677666, 0.12), (-0.20067474, -0.11585983, 0.12), (-0.19921327, -0.113889255, 0.12), (-0.19795197, -0.11178492, 0.12), (-0.196903, -0.10956708, 0.12), (-0.1960765, -0.10725712, 0.12), (-0.19548036, -0.104877256, 0.12), (-0.19512038, -0.10245043, 0.12), (-0.212, -0.1, 0.12), (-0.21203852, -0.099215865, 0.12), (-0.21215372, -0.098439276, 0.12), (-0.21234448, -0.09767772, 0.12), (-0.21260896, -0.096938536, 0.12), (-0.21294463, -0.09622882, 0.12), (-0.21334824, -0.09555544, 0.12), (-0.21381591, -0.09492485, 0.12), (-0.21434315, -0.09434315, 0.12), (-0.21492486, -0.093815915, 0.12), (-0.21555544, -0.09334824, 0.12), (-0.21622883, -0.09294463, 0.12), (-0.21693853, -0.092608966, 0.12), (-0.21767773, -0.09234448, 0.12), (-0.21843928, -0.09215372, 0.12), (-0.21921587, -0.09203852, 0.12), (-0.22, -0.092, 0.12), (-0.22078414, -0.09203852, 0.12), (-0.22156072, -0.09215372, 0.12), (-0.22232227, -0.09234448, 0.12), (-0.22306147, -0.092608966, 0.12), (-0.22377117, -0.09294463, 0.12), (-0.22444457, -0.09334824, 0.12), (-0.22507514, -0.093815915, 0.12), (-0.22565685, -0.09434315, 0.12), (-0.22618409, -0.09492485, 0.12), (-0.22665176, -0.09555544, 0.12), (-0.22705537, -0.09622882, 0.12), (-0.22739103, -0.096938536, 0.12), (-0.22765553, -0.09767772, 0.12), (-0.22784628, -0.098439276, 0.12), (-0.22796148, -0.099215865, 0.12), (-0.228, -0.1, 0.12), (-0.22796148, -0.10078414, 0.12), (-0.22784628, -0.10156072, 0.12), (-0.22765553, -0.10232228, 0.12), (-0.22739103, -0.10306147, 0.12), (-0.22705537, -0.10377117, 0.12), (-0.22665176, -0.10444456, 0.12), (-0.22618409, -0.10507514, 0.12), (-0.22565685, -0.105656855, 0.12), (-0.22507514, -0.10618408, 0.12), (-0.22444457, -0.10665175, 0.12), (-0.22377117, -0.10705537, 0.12), (-0.22306147, -0.10739104, 0.12), (-0.22232227, -0.107655525, 0.12), (-0.22156072, -0.10784628, 0.12), (-0.22078414, -0.107961476, 0.12), (-0.22, -0.108, 0.12), (-0.21921587, -0.107961476, 0.12), (-0.21843928, -0.10784628, 0.12), (-0.21767773, -0.107655525, 0.12), (-0.21693853, -0.10739104, 0.12), (-0.21622883, -0.10705537, 0.12), (-0.21555544, -0.10665175, 0.12), (-0.21492486, -0.10618408, 0.12), (-0.21434315, -0.105656855, 0.12), (-0.21381591, -0.10507514, 0.12), (-0.21334824, -0.10444456, 0.12), (-0.21294463, -0.10377117, 0.12), (-0.21260896, -0.10306147, 0.12), (-0.21234448, -0.10232228, 0.12), (-0.21215372, -0.10156072, 0.12), (-0.21203852, -0.10078414, 0.12), (-0.212, -0.1, 0.135), (-0.21203852, -0.099215865, 0.135), (-0.21215372, -0.098439276, 0.135), (-0.21234448, -0.09767772, 0.135), (-0.21260896, -0.096938536, 0.135), (-0.21294463, -0.09622882, 0.135), (-0.21334824, -0.09555544, 0.135), (-0.21381591, -0.09492485, 0.135), (-0.21434315, -0.09434315, 0.135), (-0.21492486, -0.093815915, 0.135), (-0.21555544, -0.09334824, 0.135), (-0.21622883, -0.09294463, 0.135), (-0.21693853, -0.092608966, 0.135), (-0.21767773, -0.09234448, 0.135), (-0.21843928, -0.09215372, 0.135), (-0.21921587, -0.09203852, 0.135), (-0.22, -0.092, 0.135), (-0.22078414, -0.09203852, 0.135), (-0.22156072, -0.09215372, 0.135), (-0.22232227, -0.09234448, 0.135), (-0.22306147, -0.092608966, 0.135), (-0.22377117, -0.09294463, 0.135), (-0.22444457, -0.09334824, 0.135), (-0.22507514, -0.093815915, 0.135), (-0.22565685, -0.09434315, 0.135), (-0.22618409, -0.09492485, 0.135), (-0.22665176, -0.09555544, 0.135), (-0.22705537, -0.09622882, 0.135), (-0.22739103, -0.096938536, 0.135), (-0.22765553, -0.09767772, 0.135), (-0.22784628, -0.098439276, 0.135), (-0.22796148, -0.099215865, 0.135), (-0.228, -0.1, 0.135), (-0.22796148, -0.10078414, 0.135), (-0.22784628, -0.10156072, 0.135), (-0.22765553, -0.10232228, 0.135), (-0.22739103, -0.10306147, 0.135), (-0.22705537, -0.10377117, 0.135), (-0.22665176, -0.10444456, 0.135), (-0.22618409, -0.10507514, 0.135), (-0.22565685, -0.105656855, 0.135), (-0.22507514, -0.10618408, 0.135), (-0.22444457, -0.10665175, 0.135), (-0.22377117, -0.10705537, 0.135), (-0.22306147, -0.10739104, 0.135), (-0.22232227, -0.107655525, 0.135), (-0.22156072, -0.10784628, 0.135), (-0.22078414, -0.107961476, 0.135), (-0.22, -0.108, 0.135), (-0.21921587, -0.107961476, 0.135), (-0.21843928, -0.10784628, 0.135), (-0.21767773, -0.107655525, 0.135), (-0.21693853, -0.10739104, 0.135), (-0.21622883, -0.10705537, 0.135), (-0.21555544, -0.10665175, 0.135), (-0.21492486, -0.10618408, 0.135), (-0.21434315, -0.105656855, 0.135), (-0.21381591, -0.10507514, 0.135), (-0.21334824, -0.10444456, 0.135), (-0.21294463, -0.10377117, 0.135), (-0.21260896, -0.10306147, 0.135), (-0.21234448, -0.10232228, 0.135), (-0.21215372, -0.10156072, 0.135), (-0.21203852, -0.10078414, 0.135), (-0.216, -0.1, 0.14), (-0.21601926, -0.09960793, 0.14), (-0.21607687, -0.099219635, 0.14), (-0.21617223, -0.09883886, 0.14), (-0.21630448, -0.098469265, 0.14), (-0.21647231, -0.098114416, 0.14), (-0.21667412, -0.09777772, 0.14), (-0.21690796, -0.09746242, 0.14), (-0.21717158, -0.097171575, 0.14), (-0.21746242, -0.09690796, 0.14), (-0.21777771, -0.09667412, 0.14), (-0.2181144, -0.096472315, 0.14), (-0.21846926, -0.09630448, 0.14), (-0.21883886, -0.096172236, 0.14), (-0.21921964, -0.09607686, 0.14), (-0.21960793, -0.09601926, 0.14), (-0.22, -0.096, 0.14), (-0.22039206, -0.09601926, 0.14), (-0.22078036, -0.09607686, 0.14), (-0.22116114, -0.096172236, 0.14), (-0.22153074, -0.09630448, 0.14), (-0.22188559, -0.096472315, 0.14), (-0.22222228, -0.09667412, 0.14), (-0.22253758, -0.09690796, 0.14), (-0.22282843, -0.097171575, 0.14), (-0.22309203, -0.09746242, 0.14), (-0.22332588, -0.09777772, 0.14), (-0.22352768, -0.098114416, 0.14), (-0.22369552, -0.098469265, 0.14), (-0.22382776, -0.09883886, 0.14), (-0.22392315, -0.099219635, 0.14), (-0.22398074, -0.09960793, 0.14), (-0.224, -0.1, 0.14), (-0.22398074, -0.100392066, 0.14), (-0.22392315, -0.10078036, 0.14), (-0.22382776, -0.10116114, 0.14), (-0.22369552, -0.10153073, 0.14), (-0.22352768, -0.10188559, 0.14), (-0.22332588, -0.10222228, 0.14), (-0.22309203, -0.10253757, 0.14), (-0.22282843, -0.10282843, 0.14), (-0.22253758, -0.103092045, 0.14), (-0.22222228, -0.10332588, 0.14), (-0.22188559, -0.10352769, 0.14), (-0.22153074, -0.10369552, 0.14), (-0.22116114, -0.10382776, 0.14), (-0.22078036, -0.10392314, 0.14), (-0.22039206, -0.10398074, 0.14), (-0.22, -0.104, 0.14), (-0.21960793, -0.10398074, 0.14), (-0.21921964, -0.10392314, 0.14), (-0.21883886, -0.10382776, 0.14), (-0.21846926, -0.10369552, 0.14), (-0.2181144, -0.10352769, 0.14), (-0.21777771, -0.10332588, 0.14), (-0.21746242, -0.103092045, 0.14), (-0.21717158, -0.10282843, 0.14), (-0.21690796, -0.10253757, 0.14), (-0.21667412, -0.10222228, 0.14), (-0.21647231, -0.10188559, 0.14), (-0.21630448, -0.10153073, 0.14), (-0.21617223, -0.10116114, 0.14), (-0.21607687, -0.10078036, 0.14), (-0.21601926, -0.100392066, 0.14), (-0.22, -0.1, 0.14)]
            uniform token subdivisionScheme = "none"
        }

        def Mesh "C" (
            prepend apiSchemas = ["MaterialBindingAPI"]
        )
        {
            int[] faceVertexCounts = [3, 3, 3, 3, 3, 3, 3, 3, 3, 3, 3, 3, 3, 3, 3, 3, 3, 3, 3, 3, 3, 3, 3, 3, 3, 3, 3, 3, 3, 3, 3, 3, 3, 3, 3, 3, 3, 3, 3, 3, 3, 3, 3, 3, 3, 3, 3, 3, 3, 3, 3, 3, 3, 3, 3, 3, 3, 3, 3, 3, 3, 3, 3, 3, 4, 4, 4, 4, 4, 4, 4, 4, 4, 4, 4, 4, 4, 4, 4, 4, 4, 4, 4, 4, 4, 4, 4, 4, 4, 4, 4, 4, 4, 4, 4, 4, 4, 4, 4, 4, 4, 4, 4, 4, 4, 4, 4, 4, 4, 4, 4, 4, 4, 4, 4, 4, 4, 4, 4, 4, 4, 4, 4, 4, 4, 4, 4, 4, 4, 4, 4, 4, 4, 4, 4, 4, 4, 4, 4, 4, 4, 4, 4, 4, 4, 4, 4, 4, 4, 4, 4, 4, 4, 4, 4, 4, 4, 4, 4, 4, 4, 4, 4, 4, 4, 4, 4, 4, 4, 4, 4, 4, 4, 4, 4, 4, 4, 4, 4, 4, 4, 4, 4, 4, 4, 4, 4, 4, 4, 4, 4, 4, 4, 4, 4, 4, 4, 4, 4, 4, 4, 4, 4, 4, 4, 4, 4, 4, 4, 4, 4, 4, 4, 4, 4, 4, 4, 4, 4, 4, 4, 4, 4, 4, 4, 4, 4, 4, 4, 4, 4, 4, 4, 4, 4, 4, 4, 4, 4, 4, 4, 4, 4, 4, 4, 4, 4, 4, 4, 4, 4, 4, 4, 4, 4, 4, 4, 4, 4, 4, 4, 4, 4, 4, 4, 4, 4, 4, 4, 4, 4, 4, 4, 4, 4, 4, 4, 4, 4, 4, 4, 4, 4, 4, 4, 4, 4, 4, 4, 4, 4, 4, 4, 4, 4, 4, 4, 4, 4, 4, 4, 4, 4, 4, 4, 4, 4, 4, 4, 4, 4, 4, 4, 4, 4, 4, 4, 4, 4, 4, 3, 3, 3, 3, 3, 3, 3, 3, 3, 3, 3, 3, 3, 3, 3, 3, 3, 3, 3, 3, 3, 3, 3, 3, 3, 3, 3, 3, 3, 3, 3, 3, 3, 3, 3, 3, 3, 3, 3, 3, 3, 3, 3, 3, 3, 3, 3, 3, 3, 3, 3, 3, 3, 3, 3, 3, 3, 3, 3, 3, 3, 3, 3, 3]
            int[] faceVertexIndices = [0, 2, 1, 0, 3, 2, 0, 4, 3, 0, 5, 4, 0, 6, 5, 0, 7, 6, 0, 8, 7, 0, 9, 8, 0, 10, 9, 0, 11, 10, 0, 12, 11, 0, 13, 12, 0, 14, 13, 0, 15, 14, 0, 16, 15, 0, 17, 16, 0, 18, 17, 0, 19, 18, 0, 20, 19, 0, 21, 20, 0, 22, 21, 0, 23, 22, 0, 24, 23, 0, 25, 24, 0, 26, 25, 0, 27, 26, 0, 28, 27, 0, 29, 28, 0, 30, 29, 0, 31, 30, 0, 32, 31, 0, 33, 32, 0, 34, 33, 0, 35, 34, 0, 36, 35, 0, 37, 36, 0, 38, 37, 0, 39, 38, 0, 40, 39, 0, 41, 40, 0, 42, 41, 0, 43, 42, 0, 44, 43, 0, 45, 44, 0, 46, 45, 0, 47, 46, 0, 48, 47, 0, 49, 48, 0, 50, 49, 0, 51, 50, 0, 52, 51, 0, 53, 52, 0, 54, 53, 0, 55, 54, 0, 56, 55, 0, 57, 56, 0, 58, 57, 0, 59, 58, 0, 60, 59, 0, 61, 60, 0, 62, 61, 0, 63, 62, 0, 64, 63, 0, 1, 64, 1, 2, 66, 65, 2, 3, 67, 66, 3, 4, 68, 67, 4, 5, 69, 68, 5, 6, 70, 69, 6, 7, 71, 70, 7, 8, 72, 71, 8, 9, 73, 72, 9, 10, 74, 73, 10, 11, 75, 74, 11, 12, 76, 75, 12, 13, 77, 76, 13, 14, 78, 77, 14, 15, 79, 78, 15, 16, 80, 79, 16, 17, 81, 80, 17, 18, 82, 81, 18, 19, 83, 82, 19, 20, 84, 83, 20, 21, 85, 84, 21, 22, 86, 85, 22, 23, 87, 86, 23, 24, 88, 87, 24, 25, 89, 88, 25, 26, 90, 89, 26, 27, 91, 90, 27, 28, 92, 91, 28, 29, 93, 92, 29, 30, 94, 93, 30, 31, 95, 94, 31, 32, 96, 95, 32, 33, 97, 96, 33, 34, 98, 97, 34, 35, 99, 98, 35, 36, 100, 99, 36, 37, 101, 100, 37, 38, 102, 101, 38, 39, 103, 102, 39, 40, 104, 103, 40, 41, 105, 104, 41, 42, 106, 105, 42, 43, 107, 106, 43, 44, 108, 107, 44, 45, 109, 108, 45, 46, 110, 109, 46, 47, 111, 110, 47, 48, 112, 111, 48, 49, 113, 112, 49, 50, 114, 113, 50, 51, 115, 114, 51, 52, 116, 115, 52, 53, 117, 116, 53, 54, 118, 117, 54, 55, 119, 118, 55, 56, 120, 119, 56, 57, 121, 120, 57, 58, 122, 121, 58, 59, 123, 122, 59, 60, 124, 123, 60, 61, 125, 124, 61, 62, 126, 125, 62, 63, 127, 126, 63, 64, 128, 127, 64, 1, 65, 128, 65, 66, 130, 129, 66, 67, 131, 130, 67, 68, 132, 131, 68, 69, 133, 132, 69, 70, 134, 133, 70, 71, 135, 134, 71, 72, 136, 135, 72, 73, 137, 136, 73, 74, 138, 137, 74, 75, 139, 138, 75, 76, 140, 139, 76, 77, 141, 140, 77, 78, 142, 141, 78, 79, 143, 142, 79, 80, 144, 143, 80, 81, 145, 144, 81, 82, 146, 145, 82, 83, 147, 146, 83, 84, 148, 147, 84, 85, 149, 148, 85, 86, 150, 149, 86, 87, 151, 150, 87, 88, 152, 151, 88, 89, 153, 152, 89, 90, 154, 153, 90, 91, 155, 154, 91, 92, 156, 155, 92, 93, 157, 156, 93, 94, 158, 157, 94, 95, 159, 158, 95, 96, 160, 159, 96, 97, 161, 160, 97, 98, 162, 161, 98, 99, 163, 162, 99, 100, 164, 163, 100, 101, 165, 164, 101, 102, 166, 165, 102, 103, 167, 166, 103, 104, 168, 167, 104, 105, 169, 168, 105, 106, 170, 169, 106, 107, 171, 170, 107, 108, 172, 171, 108, 109, 173, 172, 109, 110, 174, 173, 110, 111, 175, 174, 111, 112, 176, 175, 112, 113, 177, 176, 113, 114, 178, 177, 114, 115, 179, 178, 115, 116, 180, 179, 116, 117, 181, 180, 117, 118, 182, 181, 118, 119, 183, 182, 119, 120, 184, 183, 120, 121, 185, 184, 121, 122, 186, 185, 122, 123, 187, 186, 123, 124, 188, 187, 124, 125, 189, 188, 125, 126, 190, 189, 126, 127, 191, 190, 127, 128, 192, 191, 128, 65, 129, 192, 129, 130, 194, 193, 130, 131, 195, 194, 131, 132, 196, 195, 132, 133, 197, 196, 133, 134, 198, 197, 134, 135, 199, 198, 135, 136, 200, 199, 136, 137, 201, 200, 137, 138, 202, 201, 138, 139, 203, 202, 139, 140, 204, 203, 140, 141, 205, 204, 141, 142, 206, 205, 142, 143, 207, 206, 143, 144, 208, 207, 144, 145, 209, 208, 145, 146, 210, 209, 146, 147, 211, 210, 147, 148, 212, 211, 148, 149, 213, 212, 149, 150, 214, 213, 150, 151, 215, 214, 151, 152, 216, 215, 152, 153, 217, 216, 153, 154, 218, 217, 154, 155, 219, 218, 155, 156, 220, 219, 156, 157, 221, 220, 157, 158, 222, 221, 158, 159, 223, 222, 159, 160, 224, 223, 160, 161, 225, 224, 161, 162, 226, 225, 162, 163, 227, 226, 163, 164, 228, 227, 164, 165, 229, 228, 165, 166, 230, 229, 166, 167, 231, 230, 167, 168, 232, 231, 168, 169, 233, 232, 169, 170, 234, 233, 170, 171, 235, 234, 171, 172, 236, 235, 172, 173, 237, 236, 173, 174, 238, 237, 174, 175, 239, 238, 175, 176, 240, 239, 176, 177, 241, 240, 177, 178, 242, 241, 178, 179, 243, 242, 179, 180, 244, 243, 180, 181, 245, 244, 181, 182, 246, 245, 182, 183, 247, 246, 183, 184, 248, 247, 184, 185, 249, 248, 185, 186, 250, 249, 186, 187, 251, 250, 187, 188, 252, 251, 188, 189, 253, 252, 189, 190, 254, 253, 190, 191, 255, 254, 191, 192, 256, 255, 192, 129, 193, 256, 193, 194, 258, 257, 194, 195, 259, 258, 195, 196, 260, 259, 196, 197, 261, 260, 197, 198, 262, 261, 198, 199, 263, 262, 199, 200, 264, 263, 200, 201, 265, 264, 201, 202, 266, 265, 202, 203, 267, 266, 203, 204, 268, 267, 204, 205, 269, 268, 205, 206, 270, 269, 206, 207, 271, 270, 207, 208, 272, 271, 208, 209, 273, 272, 209, 210, 274, 273, 210, 211, 275, 274, 211, 212, 276, 275, 212, 213, 277, 276, 213, 214, 278, 277, 214, 215, 279, 278, 215, 216, 280, 279, 216, 217, 281, 280, 217, 218, 282, 281, 218, 219, 283, 282, 219, 220, 284, 283, 220, 221, 285, 284, 221, 222, 286, 285, 222, 223, 287, 286, 223, 224, 288, 287, 224, 225, 289, 288, 225, 226, 290, 289, 226, 227, 291, 290, 227, 228, 292, 291, 228, 229, 293, 292, 229, 230, 294, 293, 230, 231, 295, 294, 231, 232, 296, 295, 232, 233, 297, 296, 233, 234, 298, 297, 234, 235, 299, 298, 235, 236, 300, 299, 236, 237, 301, 300, 237, 238, 302, 301, 238, 239, 303, 302, 239, 240, 304, 303, 240, 241, 305, 304, 241, 242, 306, 305, 242, 243, 307, 306, 243, 244, 308, 307, 244, 245, 309, 308, 245, 246, 310, 309, 246, 247, 311, 310, 247, 248, 312, 311, 248, 249, 313, 312, 249, 250, 314, 313, 250, 251, 315, 314, 251, 252, 316, 315, 252, 253, 317, 316, 253, 254, 318, 317, 254, 255, 319, 318, 255, 256, 320, 319, 256, 193, 257, 320, 257, 258, 321, 258, 259, 321, 259, 260, 321, 260, 261, 321, 261, 262, 321, 262, 263, 321, 263, 264, 321, 264, 265, 321, 265, 266, 321, 266, 267, 321, 267, 268, 321, 268, 269, 321, 269, 270, 321, 270, 271, 321, 271, 272, 321, 272, 273, 321, 273, 274, 321, 274, 275, 321, 275, 276, 321, 276, 277, 321, 277, 278, 321, 278, 279, 321, 279, 280, 321, 280, 281, 321, 281, 282, 321, 282, 283, 321, 283, 284, 321, 284, 285, 321, 285, 286, 321, 286, 287, 321, 287, 288, 321, 288, 289, 321, 289, 290, 321, 290, 291, 321, 291, 292, 321, 292, 293, 321, 293, 294, 321, 294, 295, 321, 295, 296, 321, 296, 297, 321, 297, 298, 321, 298, 299, 321, 299, 300, 321, 300, 301, 321, 301, 302, 321, 302, 303, 321, 303, 304, 321, 304, 305, 321, 305, 306, 321, 306, 307, 321, 307, 308, 321, 308, 309, 321, 309, 310, 321, 310, 311, 321, 311, 312, 321, 312, 313, 321, 313, 314, 321, 314, 315, 321, 315, 316, 321, 316, 317, 321, 317, 318, 321, 318, 319, 321, 319, 320, 321, 320, 257, 321]
            rel material:binding = </Fixture/Steel>
            point3f[] points = [(0.18, 0, 0.02), (0.205, 0, 0.02), (0.20487961, 0.0024504284, 0.02), (0.20451963, 0.004877258, 0.02), (0.20392351, 0.007257117, 0.02), (0.20309699, 0.009567086, 0.02), (0.20204803, 0.011784919, 0.02), (0.20078674, 0.013889256, 0.02), (0.19932526, 0.015859833, 0.02), (0.19767767, 0.01767767, 0.02), (0.19585983, 0.019325262, 0.02), (0.19388926, 0.02078674, 0.02), (0.19178492, 0.022048032, 0.02), (0.18956709, 0.023096988, 0.02), (0.18725711, 0.023923509, 0.02), (0.18487726, 0.024519632, 0.02), (0.18245043, 0.024879618, 0.02), (0.18, 0.025, 0.02), (0.17754957, 0.024879618, 0.02), (0.17512274, 0.024519632, 0.02), (0.17274289, 0.023923509, 0.02), (0.17043291, 0.023096988, 0.02), (0.16821508, 0.022048032, 0.02), (0.16611074, 0.02078674, 0.02), (0.16414016, 0.019325262, 0.02), (0.16232233, 0.01767767, 0.02), (0.16067474, 0.015859833, 0.02), (0.15921326, 0.013889256, 0.02), (0.15795197, 0.011784919, 0.02), (0.15690301, 0.009567086, 0.02), (0.15607649, 0.007257117, 0.02), (0.15548037, 0.004877258, 0.02), (0.15512039, 0.0024504284, 0.02), (0.155, 3.061617e-18, 0.02), (0.15512039, -0.0024504284, 0.02), (0.15548037, -0.004877258, 0.02), (0.15607649, -0.007257117, 0.02), (0.15690301, -0.009567086, 0.02), (0.15795197, -0.011784919, 0.02), (0.15921326, -0.013889256, 0.02), (0.16067474, -0.015859833, 0.02), (0.16232233, -0.01767767, 0.02), (0.16414016, -0.019325262, 0.02), (0.16611074, -0.02078674, 0.02), (0.16821508, -0.022048032, 0.02), (0.17043291, -0.023096988, 0.02), (0.17274289, -0.023923509, 0.02), (0.17512274, -0.024519632, 0.02), (0.17754957, -0.024879618, 0.02), (0.18, -0.025, 0.02), (0.18245043, -0.024879618, 0.02), (0.18487726, -0.024519632, 0.02), (0.18725711, -0.023923509, 0.02), (0.18956709, -0.023096988, 0.02), (0.19178492, -0.022048032, 0.02), (0.19388926, -0.02078674, 0.02), (0.19585983, -0.019325262, 0.02), (0.19767767, -0.01767767, 0.02), (0.19932526, -0.015859833, 0.02), (0.20078674, -0.013889256, 0.02), (0.20204803, -0.011784919, 0.02), (0.20309699, -0.009567086, 0.02), (0.20392351, -0.007257117, 0.02), (0.20451963, -0.004877258, 0.02), (0.20487961, -0.0024504284, 0.02), (0.205, 0, 0.12), (0.20487961, 0.0024504284, 0.12), (0.20451963, 0.004877258, 0.12), (0.20392351, 0.007257117, 0.12), (0.20309699, 0.009567086, 0.12), (0.20204803, 0.011784919, 0.12), (0.20078674, 0.013889256, 0.12), (0.19932526, 0.015859833, 0.12), (0.19767767, 0.01767767, 0.12), (0.19585983, 0.019325262, 0.12), (0.19388926, 0.02078674, 0.12), (0.19178492, 0.022048032, 0.12), (0.18956709, 0.023096988, 0.12), (0.18725711, 0.023923509, 0.12), (0.18487726, 0.024519632, 0.12), (0.18245043, 0.024879618, 0.12), (0.18, 0.025, 0.12), (0.17754957, 0.024879618, 0.12), (0.17512274, 0.024519632, 0.12), (0.17274289, 0.023923509, 0.12), (0.17043291, 0.023096988, 0.12), (0.16821508, 0.022048032, 0.12), (0.16611074, 0.02078674, 0.12), (0.16414016, 0.019325262, 0.12), (0.16232233, 0.01767767, 0.12), (0.16067474, 0.015859833, 0.12), (0.15921326, 0.013889256, 0.12), (0.15795197, 0.011784919, 0.12), (0.15690301, 0.009567086, 0.12), (0.15607649, 0.007257117, 0.12), (0.15548037, 0.004877258, 0.12), (0.15512039, 0.0024504284, 0.12), (0.155, 3.061617e-18, 0.12), (0.15512039, -0.0024504284, 0.12), (0.15548037, -0.004877258, 0.12), (0.15607649, -0.007257117, 0.12), (0.15690301, -0.009567086, 0.12), (0.15795197, -0.011784919, 0.12), (0.15921326, -0.013889256, 0.12), (0.16067474, -0.015859833, 0.12), (0.16232233, -0.01767767, 0.12), (0.16414016, -0.019325262, 0.12), (0.16611074, -0.02078674, 0.12), (0.16821508, -0.022048032, 0.12), (0.17043291, -0.023096988, 0.12), (0.17274289, -0.023923509, 0.12), (0.17512274, -0.024519632, 0.12), (0.17754957, -0.024879618, 0.12), (0.18, -0.025, 0.12), (0.18245043, -0.024879618, 0.12), (0.18487726, -0.024519632, 0.12), (0.18725711, -0.023923509, 0.12), (0.18956709, -0.023096988, 0.12), (0.19178492, -0.022048032, 0.12), (0.19388926, -0.02078674, 0.12), (0.19585983, -0.019325262, 0.12), (0.19767767, -0.01767767, 0.12), (0.19932526, -0.015859833, 0.12), (0.20078674, -0.013889256, 0.12), (0.20204803, -0.011784919, 0.12), (0.20309699, -0.009567086, 0.12), (0.20392351, -0.007257117, 0.12), (0.20451963, -0.004877258, 0.12), (0.20487961, -0.0024504284, 0.12), (0.188, 0, 0.12), (0.18796147, 0.0007841371, 0.12), (0.18784629, 0.0015607226, 0.12), (0.18765552, 0.0023222775, 0.12), (0.18739104, 0.0030614675, 0.12), (0.18705536, 0.003771174, 0.12), (0.18665175, 0.004444562, 0.12), (0.18618408, 0.0050751464, 0.12), (0.18565686, 0.0056568542, 0.12), (0.18507515, 0.0061840834, 0.12), (0.18444456, 0.006651757, 0.12), (0.18377118, 0.00705537, 0.12), (0.18306147, 0.0073910365, 0.12), (0.18232228, 0.007655523, 0.12), (0.18156072, 0.007846282, 0.12), (0.18078414, 0.007961478, 0.12), (0.18, 0.008, 0.12), (0.17921586, 0.007961478, 0.12), (0.17843927, 0.007846282, 0.12), (0.17767772, 0.007655523, 0.12), (0.17693853, 0.0073910365, 0.12), (0.17622882, 0.00705537, 0.12), (0.17555544, 0.006651757, 0.12), (0.17492485, 0.0061840834, 0.12), (0.17434314, 0.0056568542, 0.12), (0.17381592, 0.0050751464, 0.12), (0.17334825, 0.004444562, 0.12), (0.17294464, 0.003771174, 0.12), (0.17260896, 0.0030614675, 0.12), (0.17234448, 0.0023222775, 0.12), (0.17215371, 0.0015607226, 0.12), (0.17203853, 0.0007841371, 0.12), (0.172, 9.797175e-19, 0.12), (0.17203853, -0.0007841371, 0.12), (0.17215371, -0.0015607226, 0.12), (0.17234448, -0.0023222775, 0.12), (0.17260896, -0.0030614675, 0.12), (0.17294464, -0.003771174, 0.12), (0.17334825, -0.004444562, 0.12), (0.17381592, -0.0050751464, 0.12), (0.17434314, -0.0056568542, 0.12), (0.17492485, -0.0061840834, 0.12), (0.17555544, -0.006651757, 0.12), (0.17622882, -0.00705537, 0.12), (0.17693853, -0.0073910365, 0.12), (0.17767772, -0.007655523, 0.12), (0.17843927, -0.007846282, 0.12), (0.17921586, -0.007961478, 0.12), (0.18, -0.008, 0.12), (0.18078414, -0.007961478, 0.12), (0.18156072, -0.007846282, 0.12), (0.18232228, -0.007655523, 0.12), (0.18306147, -0.0073910365, 0.12), (0.18377118, -0.00705537, 0.12), (0.18444456, -0.006651757, 0.12), (0.18507515, -0.0061840834, 0.12), (0.18565686, -0.0056568542, 0.12), (0.18618408, -0.0050751464, 0.12), (0.18665175, -0.004444562, 0.12), (0.18705536, -0.003771174, 0.12), (0.18739104, -0.0030614675, 0.12), (0.18765552, -0.0023222775, 0.12), (0.18784629, -0.0015607226, 0.12), (0.18796147, -0.0007841371, 0.12), (0.188, 0, 0.135), (0.18796147, 0.0007841371, 0.135), (0.18784629, 0.0015607226, 0.135), (0.18765552, 0.0023222775, 0.135), (0.18739104, 0.0030614675, 0.135), (0.18705536, 0.003771174, 0.135), (0.18665175, 0.004444562, 0.135), (0.18618408, 0.0050751464, 0.135), (0.18565686, 0.0056568542, 0.135), (0.18507515, 0.0061840834, 0.135), (0.18444456, 0.006651757, 0.135), (0.18377118, 0.00705537, 0.135), (0.18306147, 0.0073910365, 0.135), (0.18232228, 0.007655523, 0.135), (0.18156072, 0.007846282, 0.135), (0.18078414, 0.007961478, 0.135), (0.18, 0.008, 0.135), (0.17921586, 0.007961478, 0.135), (0.17843927, 0.007846282, 0.135), (0.17767772, 0.007655523, 0.135), (0.17693853, 0.0073910365, 0.135), (0.17622882, 0.00705537, 0.135), (0.17555544, 0.006651757, 0.135), (0.17492485, 0.0061840834, 0.135), (0.17434314, 0.0056568542, 0.135), (0.17381592, 0.0050751464, 0.135), (0.17334825, 0.004444562, 0.135), (0.17294464, 0.003771174, 0.135), (0.17260896, 0.0030614675, 0.135), (0.17234448, 0.0023222775, 0.135), (0.17215371, 0.0015607226, 0.135), (0.17203853, 0.0007841371, 0.135), (0.172, 9.797175e-19, 0.135), (0.17203853, -0.0007841371, 0.135), (0.17215371, -0.0015607226, 0.135), (0.17234448, -0.0023222775, 0.135), (0.17260896, -0.0030614675, 0.135), (0.17294464, -0.003771174, 0.135), (0.17334825, -0.004444562, 0.135), (0.17381592, -0.0050751464, 0.135), (0.17434314, -0.0056568542, 0.135), (0.17492485, -0.0061840834, 0.135), (0.17555544, -0.006651757, 0.135), (0.17622882, -0.00705537, 0.135), (0.17693853, -0.0073910365, 0.135), (0.17767772, -0.007655523, 0.135), (0.17843927, -0.007846282, 0.135), (0.17921586, -0.007961478, 0.135), (0.18, -0.008, 0.135), (0.18078414, -0.007961478, 0.135), (0.18156072, -0.007846282, 0.135), (0.18232228, -0.007655523, 0.135), (0.18306147, -0.0073910365, 0.135), (0.18377118, -0.00705537, 0.135), (0.18444456, -0.006651757, 0.135), (0.18507515, -0.0061840834, 0.135), (0.18565686, -0.0056568542, 0.135), (0.18618408, -0.0050751464, 0.135), (0.18665175, -0.004444562, 0.135), (0.18705536, -0.003771174, 0.135), (0.18739104, -0.0030614675, 0.135), (0.18765552, -0.0023222775, 0.135), (0.18784629, -0.0015607226, 0.135), (0.18796147, -0.0007841371, 0.135), (0.184, 0, 0.14), (0.18398073, 0.00039206856, 0.14), (0.18392314, 0.0007803613, 0.14), (0.18382776, 0.0011611388, 0.14), (0.18369552, 0.0015307338, 0.14), (0.18352768, 0.001885587, 0.14), (0.18332587, 0.002222281, 0.14), (0.18309204, 0.0025375732, 0.14), (0.18282843, 0.0028284271, 0.14), (0.18253757, 0.0030920417, 0.14), (0.18222228, 0.0033258784, 0.14), (0.18188559, 0.003527685, 0.14), (0.18153073, 0.0036955182, 0.14), (0.18116114, 0.0038277614, 0.14), (0.18078037, 0.003923141, 0.14), (0.18039207, 0.003980739, 0.14), (0.18, 0.004, 0.14), (0.17960793, 0.003980739, 0.14), (0.17921963, 0.003923141, 0.14), (0.17883886, 0.0038277614, 0.14), (0.17846927, 0.0036955182, 0.14), (0.17811441, 0.003527685, 0.14), (0.17777772, 0.0033258784, 0.14), (0.17746243, 0.0030920417, 0.14), (0.17717157, 0.0028284271, 0.14), (0.17690796, 0.0025375732, 0.14), (0.17667413, 0.002222281, 0.14), (0.17647232, 0.001885587, 0.14), (0.17630447, 0.0015307338, 0.14), (0.17617224, 0.0011611388, 0.14), (0.17607686, 0.0007803613, 0.14), (0.17601927, 0.00039206856, 0.14), (0.176, 4.8985874e-19, 0.14), (0.17601927, -0.00039206856, 0.14), (0.17607686, -0.0007803613, 0.14), (0.17617224, -0.0011611388, 0.14), (0.17630447, -0.0015307338, 0.14), (0.17647232, -0.001885587, 0.14), (0.17667413, -0.002222281, 0.14), (0.17690796, -0.0025375732, 0.14), (0.17717157, -0.0028284271, 0.14), (0.17746243, -0.0030920417, 0.14), (0.17777772, -0.0033258784, 0.14), (0.17811441, -0.003527685, 0.14), (0.17846927, -0.0036955182, 0.14), (0.17883886, -0.0038277614, 0.14), (0.17921963, -0.003923141, 0.14), (0.17960793, -0.003980739, 0.14), (0.18, -0.004, 0.14), (0.18039207, -0.003980739, 0.14), (0.18078037, -0.003923141, 0.14), (0.18116114, -0.0038277614, 0.14), (0.18153073, -0.0036955182, 0.14), (0.18188559, -0.003527685, 0.14), (0.18222228, -0.0033258784, 0.14), (0.18253757, -0.0030920417, 0.14), (0.18282843, -0.0028284271, 0.14), (0.18309204, -0.0025375732, 0.14), (0.18332587, -0.002222281, 0.14), (0.18352768, -0.001885587, 0.14), (0.18369552, -0.0015307338, 0.14), (0.18382776, -0.0011611388, 0.14), (0.18392314, -0.0007803613, 0.14), (0.18398073, -0.00039206856, 0.14), (0.18, 0, 0.14)]
            uniform token subdivisionScheme = "none"
        }
    }

    def Xform "Receivers"
    {
        def Mesh "A" (
            prepend apiSchemas = ["MaterialBindingAPI"]
        )
        {
            int[] faceVertexCounts = [4, 4, 4, 4, 4, 4, 4, 4, 4, 4, 4, 4, 4, 4, 4, 4, 4, 4, 4, 4, 4, 4, 4, 4, 4, 4, 4, 4, 4, 4, 4, 4, 4, 4, 4, 4, 4, 4, 4, 4, 4, 4, 4, 4, 4, 4, 4, 4, 4, 4, 4, 4, 4, 4, 4, 4, 4, 4, 4, 4, 4, 4, 4, 4, 4, 4, 4, 4, 4, 4, 4, 4, 4, 4, 4, 4, 4, 4, 4, 4, 4, 4, 4, 4, 4, 4, 4, 4, 4, 4, 4, 4, 4, 4, 4, 4, 4, 4, 4, 4, 4, 4, 4, 4, 4, 4, 4, 4, 4, 4, 4, 4, 4, 4, 4, 4, 4, 4, 4, 4, 4, 4, 4, 4, 4, 4, 4, 4, 3, 3, 3, 3, 3, 3, 3, 3, 3, 3, 3, 3, 3, 3, 3, 3, 3, 3, 3, 3, 3, 3, 3, 3, 3, 3, 3, 3, 3, 3, 3, 3, 3, 3, 3, 3, 3, 3, 3, 3, 3, 3, 3, 3, 3, 3, 3, 3, 3, 3, 3, 3, 3, 3, 3, 3, 3, 3, 3, 3, 3, 3, 3, 3, 3, 3, 3, 3, 3, 3, 3, 3, 3, 3, 3, 3, 3, 3, 3, 3, 3, 3, 3, 3, 3, 3, 3, 3, 3, 3, 3, 3, 3, 3, 3, 3, 3, 3, 3, 3, 3, 3, 3, 3, 3, 3, 3, 3, 3, 3, 3, 3, 3, 3, 3, 3, 3, 3, 3, 3, 3, 3, 3, 3, 3, 3, 3, 3, 4, 4, 4, 4, 4, 4, 4, 4, 4, 4, 4, 4, 4, 4, 4, 4, 4, 4, 4, 4, 4, 4, 4, 4, 4, 4, 4, 4, 4, 4, 4, 4, 4, 4, 4, 4, 4, 4, 4, 4, 4, 4, 4, 4, 4, 4, 4, 4, 4, 4, 4, 4, 4, 4, 4, 4, 4, 4, 4, 4, 4, 4, 4, 4]
            int[] faceVertexIndices = [0, 1, 65, 64, 1, 2, 66, 65, 2, 3, 67, 66, 3, 4, 68, 67, 4, 5, 69, 68, 5, 6, 70, 69, 6, 7, 71, 70, 7, 8, 72, 71, 8, 9, 73, 72, 9, 10, 74, 73, 10, 11, 75, 74, 11, 12, 76, 75, 12, 13, 77, 76, 13, 14, 78, 77, 14, 15, 79, 78, 15, 16, 80, 79, 16, 17, 81, 80, 17, 18, 82, 81, 18, 19, 83, 82, 19, 20, 84, 83, 20, 21, 85, 84, 21, 22, 86, 85, 22, 23, 87, 86, 23, 24, 88, 87, 24, 25, 89, 88, 25, 26, 90, 89, 26, 27, 91, 90, 27, 28, 92, 91, 28, 29, 93, 92, 29, 30, 94, 93, 30, 31, 95, 94, 31, 32, 96, 95, 32, 33, 97, 96, 33, 34, 98, 97, 34, 35, 99, 98, 35, 36, 100, 99, 36, 37, 101, 100, 37, 38, 102, 101, 38, 39, 103, 102, 39, 40, 104, 103, 40, 41, 105, 104, 41, 42, 106, 105, 42, 43, 107, 106, 43, 44, 108, 107, 44, 45, 109, 108, 45, 46, 110, 109, 46, 47, 111, 110, 47, 48, 112, 111, 48, 49, 113, 112, 49, 50, 114, 113, 50, 51, 115, 114, 51, 52, 116, 115, 52, 53, 117, 116, 53, 54, 118, 117, 54, 55, 119, 118, 55, 56, 120, 119, 56, 57, 121, 120, 57, 58, 122, 121, 58, 59, 123, 122, 59, 60, 124, 123, 60, 61, 125, 124, 61, 62, 126, 125, 62, 63, 127, 126, 63, 0, 64, 127, 64, 65, 129, 128, 65, 66, 130, 129, 66, 67, 131, 130, 67, 68, 132, 131, 68, 69, 133, 132, 69, 70, 134, 133, 70, 71, 135, 134, 71, 72, 136, 135, 72, 73, 137, 136, 73, 74, 138, 137, 74, 75, 139, 138, 75, 76, 140, 139, 76, 77, 141, 140, 77, 78, 142, 141, 78, 79, 143, 142, 79, 80, 144, 143, 80, 81, 145, 144, 81, 82, 146, 145, 82, 83, 147, 146, 83, 84, 148, 147, 84, 85, 149, 148, 85, 86, 150, 149, 86, 87, 151, 150, 87, 88, 152, 151, 88, 89, 153, 152, 89, 90, 154, 153, 90, 91, 155, 154, 91, 92, 156, 155, 92, 93, 157, 156, 93, 94, 158, 157, 94, 95, 159, 158, 95, 96, 160, 159, 96, 97, 161, 160, 97, 98, 162, 161, 98, 99, 163, 162, 99, 100, 164, 163, 100, 101, 165, 164, 101, 102, 166, 165, 102, 103, 167, 166, 103, 104, 168, 167, 104, 105, 169, 168, 105, 106, 170, 169, 106, 107, 171, 170, 107, 108, 172, 171, 108, 109, 173, 172, 109, 110, 174, 173, 110, 111, 175, 174, 111, 112, 176, 175, 112, 113, 177, 176, 113, 114, 178, 177, 114, 115, 179, 178, 115, 116, 180, 179, 116, 117, 181, 180, 117, 118, 182, 181, 118, 119, 183, 182, 119, 120, 184, 183, 120, 121, 185, 184, 121, 122, 186, 185, 122, 123, 187, 186, 123, 124, 188, 187, 124, 125, 189, 188, 125, 126, 190, 189, 126, 127, 191, 190, 127, 64, 128, 191, 128, 129, 192, 129, 130, 192, 130, 131, 192, 131, 132, 192, 132, 133, 192, 133, 134, 192, 134, 135, 192, 135, 136, 192, 136, 137, 192, 137, 138, 192, 138, 139, 192, 139, 140, 192, 140, 141, 192, 141, 142, 192, 142, 143, 192, 143, 144, 192, 144, 145, 192, 145, 146, 192, 146, 147, 192, 147, 148, 192, 148, 149, 192, 149, 150, 192, 150, 151, 192, 151, 152, 192, 152, 153, 192, 153, 154, 192, 154, 155, 192, 155, 156, 192, 156, 157, 192, 157, 158, 192, 158, 159, 192, 159, 160, 192, 160, 161, 192, 161, 162, 192, 162, 163, 192, 163, 164, 192, 164, 165, 192, 165, 166, 192, 166, 167, 192, 167, 168, 192, 168, 169, 192, 169, 170, 192, 170, 171, 192, 171, 172, 192, 172, 173, 192, 173, 174, 192, 174, 175, 192, 175, 176, 192, 176, 177, 192, 177, 178, 192, 178, 179, 192, 179, 180, 192, 180, 181, 192, 181, 182, 192, 182, 183, 192, 183, 184, 192, 184, 185, 192, 185, 186, 192, 186, 187, 192, 187, 188, 192, 188, 189, 192, 189, 190, 192, 190, 191, 192, 191, 128, 192, 193, 195, 194, 193, 196, 195, 193, 197, 196, 193, 198, 197, 193, 199, 198, 193, 200, 199, 193, 201, 200, 193, 202, 201, 193, 203, 202, 193, 204, 203, 193, 205, 204, 193, 206, 205, 193, 207, 206, 193, 208, 207, 193, 209, 208, 193, 210, 209, 193, 211, 210, 193, 212, 211, 193, 213, 212, 193, 214, 213, 193, 215, 214, 193, 216, 215, 193, 217, 216, 193, 218, 217, 193, 219, 218, 193, 220, 219, 193, 221, 220, 193, 222, 221, 193, 223, 222, 193, 224, 223, 193, 225, 224, 193, 226, 225, 193, 227, 226, 193, 228, 227, 193, 229, 228, 193, 230, 229, 193, 231, 230, 193, 232, 231, 193, 233, 232, 193, 234, 233, 193, 235, 234, 193, 236, 235, 193, 237, 236, 193, 238, 237, 193, 239, 238, 193, 240, 239, 193, 241, 240, 193, 242, 241, 193, 243, 242, 193, 244, 243, 193, 245, 244, 193, 246, 245, 193, 247, 246, 193, 248, 247, 193, 249, 248, 193, 250, 249, 193, 251, 250, 193, 252, 251, 193, 253, 252, 193, 254, 253, 193, 255, 254, 193, 256, 255, 193, 257, 256, 193, 194, 257, 194, 195, 1, 0, 195, 196, 2, 1, 196, 197, 3, 2, 197, 198, 4, 3, 198, 199, 5, 4, 199, 200, 6, 5, 200, 201, 7, 6, 201, 202, 8, 7, 202, 203, 9, 8, 203, 204, 10, 9, 204, 205, 11, 10, 205, 206, 12, 11, 206, 207, 13, 12, 207, 208, 14, 13, 208, 209, 15, 14, 209, 210, 16, 15, 210, 211, 17, 16, 211, 212, 18, 17, 212, 213, 19, 18, 213, 214, 20, 19, 214, 215, 21, 20, 215, 216, 22, 21, 216, 217, 23, 22, 217, 218, 24, 23, 218, 219, 25, 24, 219, 220, 26, 25, 220, 221, 27, 26, 221, 222, 28, 27, 222, 223, 29, 28, 223, 224, 30, 29, 224, 225, 31, 30, 225, 226, 32, 31, 226, 227, 33, 32, 227, 228, 34, 33, 228, 229, 35, 34, 229, 230, 36, 35, 230, 231, 37, 36, 231, 232, 38, 37, 232, 233, 39, 38, 233, 234, 40, 39, 234, 235, 41, 40, 235, 236, 42, 41, 236, 237, 43, 42, 237, 238, 44, 43, 238, 239, 45, 44, 239, 240, 46, 45, 240, 241, 47, 46, 241, 242, 48, 47, 242, 243, 49, 48, 243, 244, 50, 49, 244, 245, 51, 50, 245, 246, 52, 51, 246, 247, 53, 52, 247, 248, 54, 53, 248, 249, 55, 54, 249, 250, 56, 55, 250, 251, 57, 56, 251, 252, 58, 57, 252, 253, 59, 58, 253, 254, 60, 59, 254, 255, 61, 60, 255, 256, 62, 61, 256, 257, 63, 62, 257, 194, 0, 63]
            rel material:binding = </Fixture/Adapter>
            point3f[] points = [(-0.211, 0.1, 0.12), (-0.21104334, 0.10088216, 0.12), (-0.21117294, 0.10175581, 0.12), (-0.21138753, 0.10261256, 0.12), (-0.21168509, 0.10344415, 0.12), (-0.2120627, 0.10424257, 0.12), (-0.21251677, 0.10500013, 0.12), (-0.2130429, 0.10570954, 0.12), (-0.21363604, 0.10636396, 0.12), (-0.21429045, 0.10695709, 0.12), (-0.21499987, 0.10748322, 0.12), (-0.21575743, 0.10793729, 0.12), (-0.21655585, 0.10831492, 0.12), (-0.21738744, 0.10861246, 0.12), (-0.21824418, 0.10882707, 0.12), (-0.21911785, 0.108956665, 0.12), (-0.22, 0.109, 0.12), (-0.22088215, 0.108956665, 0.12), (-0.22175582, 0.10882707, 0.12), (-0.22261256, 0.10861246, 0.12), (-0.22344415, 0.10831492, 0.12), (-0.22424257, 0.10793729, 0.12), (-0.22500013, 0.10748322, 0.12), (-0.22570954, 0.10695709, 0.12), (-0.22636396, 0.10636396, 0.12), (-0.2269571, 0.10570954, 0.12), (-0.22748323, 0.10500013, 0.12), (-0.2279373, 0.10424257, 0.12), (-0.22831492, 0.10344415, 0.12), (-0.22861247, 0.10261256, 0.12), (-0.22882707, 0.10175581, 0.12), (-0.22895667, 0.10088216, 0.12), (-0.229, 0.1, 0.12), (-0.22895667, 0.099117845, 0.12), (-0.22882707, 0.09824419, 0.12), (-0.22861247, 0.09738744, 0.12), (-0.22831492, 0.09655585, 0.12), (-0.2279373, 0.09575743, 0.12), (-0.22748323, 0.094999865, 0.12), (-0.2269571, 0.09429046, 0.12), (-0.22636396, 0.093636036, 0.12), (-0.22570954, 0.0930429, 0.12), (-0.22500013, 0.09251677, 0.12), (-0.22424257, 0.09206271, 0.12), (-0.22344415, 0.09168509, 0.12), (-0.22261256, 0.09138754, 0.12), (-0.22175582, 0.09117293, 0.12), (-0.22088215, 0.09104334, 0.12), (-0.22, 0.091, 0.12), (-0.21911785, 0.09104334, 0.12), (-0.21824418, 0.09117293, 0.12), (-0.21738744, 0.09138754, 0.12), (-0.21655585, 0.09168509, 0.12), (-0.21575743, 0.09206271, 0.12), (-0.21499987, 0.09251677, 0.12), (-0.21429045, 0.0930429, 0.12), (-0.21363604, 0.093636036, 0.12), (-0.2130429, 0.09429046, 0.12), (-0.21251677, 0.094999865, 0.12), (-0.2120627, 0.09575743, 0.12), (-0.21168509, 0.09655585, 0.12), (-0.21138753, 0.09738744, 0.12), (-0.21117294, 0.09824419, 0.12), (-0.21104334, 0.099117845, 0.12), (-0.188, 0.1, 0.12), (-0.18815409, 0.10313655, 0.12), (-0.18861488, 0.10624289, 0.12), (-0.1893779, 0.10928911, 0.12), (-0.19043586, 0.11224587, 0.12), (-0.19177853, 0.11508469, 0.12), (-0.19339298, 0.11777825, 0.12), (-0.19526367, 0.12030058, 0.12), (-0.19737259, 0.122627415, 0.12), (-0.19969942, 0.12473633, 0.12), (-0.20222175, 0.12660703, 0.12), (-0.2049153, 0.12822148, 0.12), (-0.20775414, 0.12956415, 0.12), (-0.21071088, 0.13062209, 0.12), (-0.21375711, 0.13138513, 0.12), (-0.21686345, 0.1318459, 0.12), (-0.22, 0.132, 0.12), (-0.22313654, 0.1318459, 0.12), (-0.22624288, 0.13138513, 0.12), (-0.22928911, 0.13062209, 0.12), (-0.23224586, 0.12956415, 0.12), (-0.2350847, 0.12822148, 0.12), (-0.23777825, 0.12660703, 0.12), (-0.24030058, 0.12473633, 0.12), (-0.24262741, 0.122627415, 0.12), (-0.24473633, 0.12030058, 0.12), (-0.24660702, 0.11777825, 0.12), (-0.24822149, 0.11508469, 0.12), (-0.24956414, 0.11224587, 0.12), (-0.2506221, 0.10928911, 0.12), (-0.25138512, 0.10624289, 0.12), (-0.25184593, 0.10313655, 0.12), (-0.252, 0.1, 0.12), (-0.25184593, 0.09686345, 0.12), (-0.25138512, 0.09375711, 0.12), (-0.2506221, 0.09071089, 0.12), (-0.24956414, 0.08775413, 0.12), (-0.24822149, 0.0849153, 0.12), (-0.24660702, 0.082221754, 0.12), (-0.24473633, 0.07969941, 0.12), (-0.24262741, 0.07737258, 0.12), (-0.24030058, 0.075263664, 0.12), (-0.23777825, 0.07339297, 0.12), (-0.2350847, 0.07177852, 0.12), (-0.23224586, 0.07043585, 0.12), (-0.22928911, 0.06937791, 0.12), (-0.22624288, 0.06861487, 0.12), (-0.22313654, 0.06815409, 0.12), (-0.22, 0.068, 0.12), (-0.21686345, 0.06815409, 0.12), (-0.21375711, 0.06861487, 0.12), (-0.21071088, 0.06937791, 0.12), (-0.20775414, 0.07043585, 0.12), (-0.2049153, 0.07177852, 0.12), (-0.20222175, 0.07339297, 0.12), (-0.19969942, 0.075263664, 0.12), (-0.19737259, 0.07737258, 0.12), (-0.19526367, 0.07969941, 0.12), (-0.19339298, 0.082221754, 0.12), (-0.19177853, 0.0849153, 0.12), (-0.19043586, 0.08775413, 0.12), (-0.1893779, 0.09071089, 0.12), (-0.18861488, 0.09375711, 0.12), (-0.18815409, 0.09686345, 0.12), (-0.188, 0.1, 0.30336398), (-0.18815409, 0.10313655, 0.30336398), (-0.18861488, 0.10624289, 0.30336398), (-0.1893779, 0.10928911, 0.30336398), (-0.19043586, 0.11224587, 0.30336398), (-0.19177853, 0.11508469, 0.30336398), (-0.19339298, 0.11777825, 0.30336398), (-0.19526367, 0.12030058, 0.30336398), (-0.19737259, 0.122627415, 0.30336398), (-0.19969942, 0.12473633, 0.30336398), (-0.20222175, 0.12660703, 0.30336398), (-0.2049153, 0.12822148, 0.30336398), (-0.20775414, 0.12956415, 0.30336398), (-0.21071088, 0.13062209, 0.30336398), (-0.21375711, 0.13138513, 0.30336398), (-0.21686345, 0.1318459, 0.30336398), (-0.22, 0.132, 0.30336398), (-0.22313654, 0.1318459, 0.30336398), (-0.22624288, 0.13138513, 0.30336398), (-0.22928911, 0.13062209, 0.30336398), (-0.23224586, 0.12956415, 0.30336398), (-0.2350847, 0.12822148, 0.30336398), (-0.23777825, 0.12660703, 0.30336398), (-0.24030058, 0.12473633, 0.30336398), (-0.24262741, 0.122627415, 0.30336398), (-0.24473633, 0.12030058, 0.30336398), (-0.24660702, 0.11777825, 0.30336398), (-0.24822149, 0.11508469, 0.30336398), (-0.24956414, 0.11224587, 0.30336398), (-0.2506221, 0.10928911, 0.30336398), (-0.25138512, 0.10624289, 0.30336398), (-0.25184593, 0.10313655, 0.30336398), (-0.252, 0.1, 0.30336398), (-0.25184593, 0.09686345, 0.30336398), (-0.25138512, 0.09375711, 0.30336398), (-0.2506221, 0.09071089, 0.30336398), (-0.24956414, 0.08775413, 0.30336398), (-0.24822149, 0.0849153, 0.30336398), (-0.24660702, 0.082221754, 0.30336398), (-0.24473633, 0.07969941, 0.30336398), (-0.24262741, 0.07737258, 0.30336398), (-0.24030058, 0.075263664, 0.30336398), (-0.23777825, 0.07339297, 0.30336398), (-0.2350847, 0.07177852, 0.30336398), (-0.23224586, 0.07043585, 0.30336398), (-0.22928911, 0.06937791, 0.30336398), (-0.22624288, 0.06861487, 0.30336398), (-0.22313654, 0.06815409, 0.30336398), (-0.22, 0.068, 0.30336398), (-0.21686345, 0.06815409, 0.30336398), (-0.21375711, 0.06861487, 0.30336398), (-0.21071088, 0.06937791, 0.30336398), (-0.20775414, 0.07043585, 0.30336398), (-0.2049153, 0.07177852, 0.30336398), (-0.20222175, 0.07339297, 0.30336398), (-0.19969942, 0.075263664, 0.30336398), (-0.19737259, 0.07737258, 0.30336398), (-0.19526367, 0.07969941, 0.30336398), (-0.19339298, 0.082221754, 0.30336398), (-0.19177853, 0.0849153, 0.30336398), (-0.19043586, 0.08775413, 0.30336398), (-0.1893779, 0.09071089, 0.30336398), (-0.18861488, 0.09375711, 0.30336398), (-0.18815409, 0.09686345, 0.30336398), (-0.22, 0.1, 0.30336398), (-0.22, 0.1, 0.145), (-0.211, 0.1, 0.145), (-0.21104334, 0.10088216, 0.145), (-0.21117294, 0.10175581, 0.145), (-0.21138753, 0.10261256, 0.145), (-0.21168509, 0.10344415, 0.145), (-0.2120627, 0.10424257, 0.145), (-0.21251677, 0.10500013, 0.145), (-0.2130429, 0.10570954, 0.145), (-0.21363604, 0.10636396, 0.145), (-0.21429045, 0.10695709, 0.145), (-0.21499987, 0.10748322, 0.145), (-0.21575743, 0.10793729, 0.145), (-0.21655585, 0.10831492, 0.145), (-0.21738744, 0.10861246, 0.145), (-0.21824418, 0.10882707, 0.145), (-0.21911785, 0.108956665, 0.145), (-0.22, 0.109, 0.145), (-0.22088215, 0.108956665, 0.145), (-0.22175582, 0.10882707, 0.145), (-0.22261256, 0.10861246, 0.145), (-0.22344415, 0.10831492, 0.145), (-0.22424257, 0.10793729, 0.145), (-0.22500013, 0.10748322, 0.145), (-0.22570954, 0.10695709, 0.145), (-0.22636396, 0.10636396, 0.145), (-0.2269571, 0.10570954, 0.145), (-0.22748323, 0.10500013, 0.145), (-0.2279373, 0.10424257, 0.145), (-0.22831492, 0.10344415, 0.145), (-0.22861247, 0.10261256, 0.145), (-0.22882707, 0.10175581, 0.145), (-0.22895667, 0.10088216, 0.145), (-0.229, 0.1, 0.145), (-0.22895667, 0.099117845, 0.145), (-0.22882707, 0.09824419, 0.145), (-0.22861247, 0.09738744, 0.145), (-0.22831492, 0.09655585, 0.145), (-0.2279373, 0.09575743, 0.145), (-0.22748323, 0.094999865, 0.145), (-0.2269571, 0.09429046, 0.145), (-0.22636396, 0.093636036, 0.145), (-0.22570954, 0.0930429, 0.145), (-0.22500013, 0.09251677, 0.145), (-0.22424257, 0.09206271, 0.145), (-0.22344415, 0.09168509, 0.145), (-0.22261256, 0.09138754, 0.145), (-0.22175582, 0.09117293, 0.145), (-0.22088215, 0.09104334, 0.145), (-0.22, 0.091, 0.145), (-0.21911785, 0.09104334, 0.145), (-0.21824418, 0.09117293, 0.145), (-0.21738744, 0.09138754, 0.145), (-0.21655585, 0.09168509, 0.145), (-0.21575743, 0.09206271, 0.145), (-0.21499987, 0.09251677, 0.145), (-0.21429045, 0.0930429, 0.145), (-0.21363604, 0.093636036, 0.145), (-0.2130429, 0.09429046, 0.145), (-0.21251677, 0.094999865, 0.145), (-0.2120627, 0.09575743, 0.145), (-0.21168509, 0.09655585, 0.145), (-0.21138753, 0.09738744, 0.145), (-0.21117294, 0.09824419, 0.145), (-0.21104334, 0.099117845, 0.145)]
            uniform token subdivisionScheme = "none"
        }

        def Mesh "B" (
            prepend apiSchemas = ["MaterialBindingAPI"]
        )
        {
            int[] faceVertexCounts = [4, 4, 4, 4, 4, 4, 4, 4, 4, 4, 4, 4, 4, 4, 4, 4, 4, 4, 4, 4, 4, 4, 4, 4, 4, 4, 4, 4, 4, 4, 4, 4, 4, 4, 4, 4, 4, 4, 4, 4, 4, 4, 4, 4, 4, 4, 4, 4, 4, 4, 4, 4, 4, 4, 4, 4, 4, 4, 4, 4, 4, 4, 4, 4, 4, 4, 4, 4, 4, 4, 4, 4, 4, 4, 4, 4, 4, 4, 4, 4, 4, 4, 4, 4, 4, 4, 4, 4, 4, 4, 4, 4, 4, 4, 4, 4, 4, 4, 4, 4, 4, 4, 4, 4, 4, 4, 4, 4, 4, 4, 4, 4, 4, 4, 4, 4, 4, 4, 4, 4, 4, 4, 4, 4, 4, 4, 4, 4, 3, 3, 3, 3, 3, 3, 3, 3, 3, 3, 3, 3, 3, 3, 3, 3, 3, 3, 3, 3, 3, 3, 3, 3, 3, 3, 3, 3, 3, 3, 3, 3, 3, 3, 3, 3, 3, 3, 3, 3, 3, 3, 3, 3, 3, 3, 3, 3, 3, 3, 3, 3, 3, 3, 3, 3, 3, 3, 3, 3, 3, 3, 3, 3, 3, 3, 3, 3, 3, 3, 3, 3, 3, 3, 3, 3, 3, 3, 3, 3, 3, 3, 3, 3, 3, 3, 3, 3, 3, 3, 3, 3, 3, 3, 3, 3, 3, 3, 3, 3, 3, 3, 3, 3, 3, 3, 3, 3, 3, 3, 3, 3, 3, 3, 3, 3, 3, 3, 3, 3, 3, 3, 3, 3, 3, 3, 3, 3, 4, 4, 4, 4, 4, 4, 4, 4, 4, 4, 4, 4, 4, 4, 4, 4, 4, 4, 4, 4, 4, 4, 4, 4, 4, 4, 4, 4, 4, 4, 4, 4, 4, 4, 4, 4, 4, 4, 4, 4, 4, 4, 4, 4, 4, 4, 4, 4, 4, 4, 4, 4, 4, 4, 4, 4, 4, 4, 4, 4, 4, 4, 4, 4]
            int[] faceVertexIndices = [0, 1, 65, 64, 1, 2, 66, 65, 2, 3, 67, 66, 3, 4, 68, 67, 4, 5, 69, 68, 5, 6, 70, 69, 6, 7, 71, 70, 7, 8, 72, 71, 8, 9, 73, 72, 9, 10, 74, 73, 10, 11, 75, 74, 11, 12, 76, 75, 12, 13, 77, 76, 13, 14, 78, 77, 14, 15, 79, 78, 15, 16, 80, 79, 16, 17, 81, 80, 17, 18, 82, 81, 18, 19, 83, 82, 19, 20, 84, 83, 20, 21, 85, 84, 21, 22, 86, 85, 22, 23, 87, 86, 23, 24, 88, 87, 24, 25, 89, 88, 25, 26, 90, 89, 26, 27, 91, 90, 27, 28, 92, 91, 28, 29, 93, 92, 29, 30, 94, 93, 30, 31, 95, 94, 31, 32, 96, 95, 32, 33, 97, 96, 33, 34, 98, 97, 34, 35, 99, 98, 35, 36, 100, 99, 36, 37, 101, 100, 37, 38, 102, 101, 38, 39, 103, 102, 39, 40, 104, 103, 40, 41, 105, 104, 41, 42, 106, 105, 42, 43, 107, 106, 43, 44, 108, 107, 44, 45, 109, 108, 45, 46, 110, 109, 46, 47, 111, 110, 47, 48, 112, 111, 48, 49, 113, 112, 49, 50, 114, 113, 50, 51, 115, 114, 51, 52, 116, 115, 52, 53, 117, 116, 53, 54, 118, 117, 54, 55, 119, 118, 55, 56, 120, 119, 56, 57, 121, 120, 57, 58, 122, 121, 58, 59, 123, 122, 59, 60, 124, 123, 60, 61, 125, 124, 61, 62, 126, 125, 62, 63, 127, 126, 63, 0, 64, 127, 64, 65, 129, 128, 65, 66, 130, 129, 66, 67, 131, 130, 67, 68, 132, 131, 68, 69, 133, 132, 69, 70, 134, 133, 70, 71, 135, 134, 71, 72, 136, 135, 72, 73, 137, 136, 73, 74, 138, 137, 74, 75, 139, 138, 75, 76, 140, 139, 76, 77, 141, 140, 77, 78, 142, 141, 78, 79, 143, 142, 79, 80, 144, 143, 80, 81, 145, 144, 81, 82, 146, 145, 82, 83, 147, 146, 83, 84, 148, 147, 84, 85, 149, 148, 85, 86, 150, 149, 86, 87, 151, 150, 87, 88, 152, 151, 88, 89, 153, 152, 89, 90, 154, 153, 90, 91, 155, 154, 91, 92, 156, 155, 92, 93, 157, 156, 93, 94, 158, 157, 94, 95, 159, 158, 95, 96, 160, 159, 96, 97, 161, 160, 97, 98, 162, 161, 98, 99, 163, 162, 99, 100, 164, 163, 100, 101, 165, 164, 101, 102, 166, 165, 102, 103, 167, 166, 103, 104, 168, 167, 104, 105, 169, 168, 105, 106, 170, 169, 106, 107, 171, 170, 107, 108, 172, 171, 108, 109, 173, 172, 109, 110, 174, 173, 110, 111, 175, 174, 111, 112, 176, 175, 112, 113, 177, 176, 113, 114, 178, 177, 114, 115, 179, 178, 115, 116, 180, 179, 116, 117, 181, 180, 117, 118, 182, 181, 118, 119, 183, 182, 119, 120, 184, 183, 120, 121, 185, 184, 121, 122, 186, 185, 122, 123, 187, 186, 123, 124, 188, 187, 124, 125, 189, 188, 125, 126, 190, 189, 126, 127, 191, 190, 127, 64, 128, 191, 128, 129, 192, 129, 130, 192, 130, 131, 192, 131, 132, 192, 132, 133, 192, 133, 134, 192, 134, 135, 192, 135, 136, 192, 136, 137, 192, 137, 138, 192, 138, 139, 192, 139, 140, 192, 140, 141, 192, 141, 142, 192, 142, 143, 192, 143, 144, 192, 144, 145, 192, 145, 146, 192, 146, 147, 192, 147, 148, 192, 148, 149, 192, 149, 150, 192, 150, 151, 192, 151, 152, 192, 152, 153, 192, 153, 154, 192, 154, 155, 192, 155, 156, 192, 156, 157, 192, 157, 158, 192, 158, 159, 192, 159, 160, 192, 160, 161, 192, 161, 162, 192, 162, 163, 192, 163, 164, 192, 164, 165, 192, 165, 166, 192, 166, 167, 192, 167, 168, 192, 168, 169, 192, 169, 170, 192, 170, 171, 192, 171, 172, 192, 172, 173, 192, 173, 174, 192, 174, 175, 192, 175, 176, 192, 176, 177, 192, 177, 178, 192, 178, 179, 192, 179, 180, 192, 180, 181, 192, 181, 182, 192, 182, 183, 192, 183, 184, 192, 184, 185, 192, 185, 186, 192, 186, 187, 192, 187, 188, 192, 188, 189, 192, 189, 190, 192, 190, 191, 192, 191, 128, 192, 193, 195, 194, 193, 196, 195, 193, 197, 196, 193, 198, 197, 193, 199, 198, 193, 200, 199, 193, 201, 200, 193, 202, 201, 193, 203, 202, 193, 204, 203, 193, 205, 204, 193, 206, 205, 193, 207, 206, 193, 208, 207, 193, 209, 208, 193, 210, 209, 193, 211, 210, 193, 212, 211, 193, 213, 212, 193, 214, 213, 193, 215, 214, 193, 216, 215, 193, 217, 216, 193, 218, 217, 193, 219, 218, 193, 220, 219, 193, 221, 220, 193, 222, 221, 193, 223, 222, 193, 224, 223, 193, 225, 224, 193, 226, 225, 193, 227, 226, 193, 228, 227, 193, 229, 228, 193, 230, 229, 193, 231, 230, 193, 232, 231, 193, 233, 232, 193, 234, 233, 193, 235, 234, 193, 236, 235, 193, 237, 236, 193, 238, 237, 193, 239, 238, 193, 240, 239, 193, 241, 240, 193, 242, 241, 193, 243, 242, 193, 244, 243, 193, 245, 244, 193, 246, 245, 193, 247, 246, 193, 248, 247, 193, 249, 248, 193, 250, 249, 193, 251, 250, 193, 252, 251, 193, 253, 252, 193, 254, 253, 193, 255, 254, 193, 256, 255, 193, 257, 256, 193, 194, 257, 194, 195, 1, 0, 195, 196, 2, 1, 196, 197, 3, 2, 197, 198, 4, 3, 198, 199, 5, 4, 199, 200, 6, 5, 200, 201, 7, 6, 201, 202, 8, 7, 202, 203, 9, 8, 203, 204, 10, 9, 204, 205, 11, 10, 205, 206, 12, 11, 206, 207, 13, 12, 207, 208, 14, 13, 208, 209, 15, 14, 209, 210, 16, 15, 210, 211, 17, 16, 211, 212, 18, 17, 212, 213, 19, 18, 213, 214, 20, 19, 214, 215, 21, 20, 215, 216, 22, 21, 216, 217, 23, 22, 217, 218, 24, 23, 218, 219, 25, 24, 219, 220, 26, 25, 220, 221, 27, 26, 221, 222, 28, 27, 222, 223, 29, 28, 223, 224, 30, 29, 224, 225, 31, 30, 225, 226, 32, 31, 226, 227, 33, 32, 227, 228, 34, 33, 228, 229, 35, 34, 229, 230, 36, 35, 230, 231, 37, 36, 231, 232, 38, 37, 232, 233, 39, 38, 233, 234, 40, 39, 234, 235, 41, 40, 235, 236, 42, 41, 236, 237, 43, 42, 237, 238, 44, 43, 238, 239, 45, 44, 239, 240, 46, 45, 240, 241, 47, 46, 241, 242, 48, 47, 242, 243, 49, 48, 243, 244, 50, 49, 244, 245, 51, 50, 245, 246, 52, 51, 246, 247, 53, 52, 247, 248, 54, 53, 248, 249, 55, 54, 249, 250, 56, 55, 250, 251, 57, 56, 251, 252, 58, 57, 252, 253, 59, 58, 253, 254, 60, 59, 254, 255, 61, 60, 255, 256, 62, 61, 256, 257, 63, 62, 257, 194, 0, 63]
            rel material:binding = </Fixture/Adapter>
            point3f[] points = [(-0.211, -0.1, 0.12), (-0.21104334, -0.099117845, 0.12), (-0.21117294, -0.09824419, 0.12), (-0.21138753, -0.09738744, 0.12), (-0.21168509, -0.09655585, 0.12), (-0.2120627, -0.09575743, 0.12), (-0.21251677, -0.094999865, 0.12), (-0.2130429, -0.09429046, 0.12), (-0.21363604, -0.093636036, 0.12), (-0.21429045, -0.0930429, 0.12), (-0.21499987, -0.09251677, 0.12), (-0.21575743, -0.09206271, 0.12), (-0.21655585, -0.09168509, 0.12), (-0.21738744, -0.09138754, 0.12), (-0.21824418, -0.09117293, 0.12), (-0.21911785, -0.09104334, 0.12), (-0.22, -0.091, 0.12), (-0.22088215, -0.09104334, 0.12), (-0.22175582, -0.09117293, 0.12), (-0.22261256, -0.09138754, 0.12), (-0.22344415, -0.09168509, 0.12), (-0.22424257, -0.09206271, 0.12), (-0.22500013, -0.09251677, 0.12), (-0.22570954, -0.0930429, 0.12), (-0.22636396, -0.093636036, 0.12), (-0.2269571, -0.09429046, 0.12), (-0.22748323, -0.094999865, 0.12), (-0.2279373, -0.09575743, 0.12), (-0.22831492, -0.09655585, 0.12), (-0.22861247, -0.09738744, 0.12), (-0.22882707, -0.09824419, 0.12), (-0.22895667, -0.099117845, 0.12), (-0.229, -0.1, 0.12), (-0.22895667, -0.10088216, 0.12), (-0.22882707, -0.10175581, 0.12), (-0.22861247, -0.10261256, 0.12), (-0.22831492, -0.10344415, 0.12), (-0.2279373, -0.10424257, 0.12), (-0.22748323, -0.10500013, 0.12), (-0.2269571, -0.10570954, 0.12), (-0.22636396, -0.10636396, 0.12), (-0.22570954, -0.10695709, 0.12), (-0.22500013, -0.10748322, 0.12), (-0.22424257, -0.10793729, 0.12), (-0.22344415, -0.10831492, 0.12), (-0.22261256, -0.10861246, 0.12), (-0.22175582, -0.10882707, 0.12), (-0.22088215, -0.108956665, 0.12), (-0.22, -0.109, 0.12), (-0.21911785, -0.108956665, 0.12), (-0.21824418, -0.10882707, 0.12), (-0.21738744, -0.10861246, 0.12), (-0.21655585, -0.10831492, 0.12), (-0.21575743, -0.10793729, 0.12), (-0.21499987, -0.10748322, 0.12), (-0.21429045, -0.10695709, 0.12), (-0.21363604, -0.10636396, 0.12), (-0.2130429, -0.10570954, 0.12), (-0.21251677, -0.10500013, 0.12), (-0.2120627, -0.10424257, 0.12), (-0.21168509, -0.10344415, 0.12), (-0.21138753, -0.10261256, 0.12), (-0.21117294, -0.10175581, 0.12), (-0.21104334, -0.10088216, 0.12), (-0.188, -0.1, 0.12), (-0.18815409, -0.09686345, 0.12), (-0.18861488, -0.09375711, 0.12), (-0.1893779, -0.09071089, 0.12), (-0.19043586, -0.08775413, 0.12), (-0.19177853, -0.0849153, 0.12), (-0.19339298, -0.082221754, 0.12), (-0.19526367, -0.07969941, 0.12), (-0.19737259, -0.07737258, 0.12), (-0.19969942, -0.075263664, 0.12), (-0.20222175, -0.07339297, 0.12), (-0.2049153, -0.07177852, 0.12), (-0.20775414, -0.07043585, 0.12), (-0.21071088, -0.06937791, 0.12), (-0.21375711, -0.06861487, 0.12), (-0.21686345, -0.06815409, 0.12), (-0.22, -0.068, 0.12), (-0.22313654, -0.06815409, 0.12), (-0.22624288, -0.06861487, 0.12), (-0.22928911, -0.06937791, 0.12), (-0.23224586, -0.07043585, 0.12), (-0.2350847, -0.07177852, 0.12), (-0.23777825, -0.07339297, 0.12), (-0.24030058, -0.075263664, 0.12), (-0.24262741, -0.07737258, 0.12), (-0.24473633, -0.07969941, 0.12), (-0.24660702, -0.082221754, 0.12), (-0.24822149, -0.0849153, 0.12), (-0.24956414, -0.08775413, 0.12), (-0.2506221, -0.09071089, 0.12), (-0.25138512, -0.09375711, 0.12), (-0.25184593, -0.09686345, 0.12), (-0.252, -0.1, 0.12), (-0.25184593, -0.10313655, 0.12), (-0.25138512, -0.10624289, 0.12), (-0.2506221, -0.10928911, 0.12), (-0.24956414, -0.11224587, 0.12), (-0.24822149, -0.11508469, 0.12), (-0.24660702, -0.11777825, 0.12), (-0.24473633, -0.12030058, 0.12), (-0.24262741, -0.122627415, 0.12), (-0.24030058, -0.12473633, 0.12), (-0.23777825, -0.12660703, 0.12), (-0.2350847, -0.12822148, 0.12), (-0.23224586, -0.12956415, 0.12), (-0.22928911, -0.13062209, 0.12), (-0.22624288, -0.13138513, 0.12), (-0.22313654, -0.1318459, 0.12), (-0.22, -0.132, 0.12), (-0.21686345, -0.1318459, 0.12), (-0.21375711, -0.13138513, 0.12), (-0.21071088, -0.13062209, 0.12), (-0.20775414, -0.12956415, 0.12), (-0.2049153, -0.12822148, 0.12), (-0.20222175, -0.12660703, 0.12), (-0.19969942, -0.12473633, 0.12), (-0.19737259, -0.122627415, 0.12), (-0.19526367, -0.12030058, 0.12), (-0.19339298, -0.11777825, 0.12), (-0.19177853, -0.11508469, 0.12), (-0.19043586, -0.11224587, 0.12), (-0.1893779, -0.10928911, 0.12), (-0.18861488, -0.10624289, 0.12), (-0.18815409, -0.10313655, 0.12), (-0.188, -0.1, 0.20222823), (-0.18815409, -0.09686345, 0.20222823), (-0.18861488, -0.09375711, 0.20222823), (-0.1893779, -0.09071089, 0.20222823), (-0.19043586, -0.08775413, 0.20222823), (-0.19177853, -0.0849153, 0.20222823), (-0.19339298, -0.082221754, 0.20222823), (-0.19526367, -0.07969941, 0.20222823), (-0.19737259, -0.07737258, 0.20222823), (-0.19969942, -0.075263664, 0.20222823), (-0.20222175, -0.07339297, 0.20222823), (-0.2049153, -0.07177852, 0.20222823), (-0.20775414, -0.07043585, 0.20222823), (-0.21071088, -0.06937791, 0.20222823), (-0.21375711, -0.06861487, 0.20222823), (-0.21686345, -0.06815409, 0.20222823), (-0.22, -0.068, 0.20222823), (-0.22313654, -0.06815409, 0.20222823), (-0.22624288, -0.06861487, 0.20222823), (-0.22928911, -0.06937791, 0.20222823), (-0.23224586, -0.07043585, 0.20222823), (-0.2350847, -0.07177852, 0.20222823), (-0.23777825, -0.07339297, 0.20222823), (-0.24030058, -0.075263664, 0.20222823), (-0.24262741, -0.07737258, 0.20222823), (-0.24473633, -0.07969941, 0.20222823), (-0.24660702, -0.082221754, 0.20222823), (-0.24822149, -0.0849153, 0.20222823), (-0.24956414, -0.08775413, 0.20222823), (-0.2506221, -0.09071089, 0.20222823), (-0.25138512, -0.09375711, 0.20222823), (-0.25184593, -0.09686345, 0.20222823), (-0.252, -0.1, 0.20222823), (-0.25184593, -0.10313655, 0.20222823), (-0.25138512, -0.10624289, 0.20222823), (-0.2506221, -0.10928911, 0.20222823), (-0.24956414, -0.11224587, 0.20222823), (-0.24822149, -0.11508469, 0.20222823), (-0.24660702, -0.11777825, 0.20222823), (-0.24473633, -0.12030058, 0.20222823), (-0.24262741, -0.122627415, 0.20222823), (-0.24030058, -0.12473633, 0.20222823), (-0.23777825, -0.12660703, 0.20222823), (-0.2350847, -0.12822148, 0.20222823), (-0.23224586, -0.12956415, 0.20222823), (-0.22928911, -0.13062209, 0.20222823), (-0.22624288, -0.13138513, 0.20222823), (-0.22313654, -0.1318459, 0.20222823), (-0.22, -0.132, 0.20222823), (-0.21686345, -0.1318459, 0.20222823), (-0.21375711, -0.13138513, 0.20222823), (-0.21071088, -0.13062209, 0.20222823), (-0.20775414, -0.12956415, 0.20222823), (-0.2049153, -0.12822148, 0.20222823), (-0.20222175, -0.12660703, 0.20222823), (-0.19969942, -0.12473633, 0.20222823), (-0.19737259, -0.122627415, 0.20222823), (-0.19526367, -0.12030058, 0.20222823), (-0.19339298, -0.11777825, 0.20222823), (-0.19177853, -0.11508469, 0.20222823), (-0.19043586, -0.11224587, 0.20222823), (-0.1893779, -0.10928911, 0.20222823), (-0.18861488, -0.10624289, 0.20222823), (-0.18815409, -0.10313655, 0.20222823), (-0.22, -0.1, 0.20222823), (-0.22, -0.1, 0.145), (-0.211, -0.1, 0.145), (-0.21104334, -0.099117845, 0.145), (-0.21117294, -0.09824419, 0.145), (-0.21138753, -0.09738744, 0.145), (-0.21168509, -0.09655585, 0.145), (-0.2120627, -0.09575743, 0.145), (-0.21251677, -0.094999865, 0.145), (-0.2130429, -0.09429046, 0.145), (-0.21363604, -0.093636036, 0.145), (-0.21429045, -0.0930429, 0.145), (-0.21499987, -0.09251677, 0.145), (-0.21575743, -0.09206271, 0.145), (-0.21655585, -0.09168509, 0.145), (-0.21738744, -0.09138754, 0.145), (-0.21824418, -0.09117293, 0.145), (-0.21911785, -0.09104334, 0.145), (-0.22, -0.091, 0.145), (-0.22088215, -0.09104334, 0.145), (-0.22175582, -0.09117293, 0.145), (-0.22261256, -0.09138754, 0.145), (-0.22344415, -0.09168509, 0.145), (-0.22424257, -0.09206271, 0.145), (-0.22500013, -0.09251677, 0.145), (-0.22570954, -0.0930429, 0.145), (-0.22636396, -0.093636036, 0.145), (-0.2269571, -0.09429046, 0.145), (-0.22748323, -0.094999865, 0.145), (-0.2279373, -0.09575743, 0.145), (-0.22831492, -0.09655585, 0.145), (-0.22861247, -0.09738744, 0.145), (-0.22882707, -0.09824419, 0.145), (-0.22895667, -0.099117845, 0.145), (-0.229, -0.1, 0.145), (-0.22895667, -0.10088216, 0.145), (-0.22882707, -0.10175581, 0.145), (-0.22861247, -0.10261256, 0.145), (-0.22831492, -0.10344415, 0.145), (-0.2279373, -0.10424257, 0.145), (-0.22748323, -0.10500013, 0.145), (-0.2269571, -0.10570954, 0.145), (-0.22636396, -0.10636396, 0.145), (-0.22570954, -0.10695709, 0.145), (-0.22500013, -0.10748322, 0.145), (-0.22424257, -0.10793729, 0.145), (-0.22344415, -0.10831492, 0.145), (-0.22261256, -0.10861246, 0.145), (-0.22175582, -0.10882707, 0.145), (-0.22088215, -0.108956665, 0.145), (-0.22, -0.109, 0.145), (-0.21911785, -0.108956665, 0.145), (-0.21824418, -0.10882707, 0.145), (-0.21738744, -0.10861246, 0.145), (-0.21655585, -0.10831492, 0.145), (-0.21575743, -0.10793729, 0.145), (-0.21499987, -0.10748322, 0.145), (-0.21429045, -0.10695709, 0.145), (-0.21363604, -0.10636396, 0.145), (-0.2130429, -0.10570954, 0.145), (-0.21251677, -0.10500013, 0.145), (-0.2120627, -0.10424257, 0.145), (-0.21168509, -0.10344415, 0.145), (-0.21138753, -0.10261256, 0.145), (-0.21117294, -0.10175581, 0.145), (-0.21104334, -0.10088216, 0.145)]
            uniform token subdivisionScheme = "none"
        }

        def Mesh "C" (
            prepend apiSchemas = ["MaterialBindingAPI"]
        )
        {
            int[] faceVertexCounts = [4, 4, 4, 4, 4, 4, 4, 4, 4, 4, 4, 4, 4, 4, 4, 4, 4, 4, 4, 4, 4, 4, 4, 4, 4, 4, 4, 4, 4, 4, 4, 4, 4, 4, 4, 4, 4, 4, 4, 4, 4, 4, 4, 4, 4, 4, 4, 4, 4, 4, 4, 4, 4, 4, 4, 4, 4, 4, 4, 4, 4, 4, 4, 4, 4, 4, 4, 4, 4, 4, 4, 4, 4, 4, 4, 4, 4, 4, 4, 4, 4, 4, 4, 4, 4, 4, 4, 4, 4, 4, 4, 4, 4, 4, 4, 4, 4, 4, 4, 4, 4, 4, 4, 4, 4, 4, 4, 4, 4, 4, 4, 4, 4, 4, 4, 4, 4, 4, 4, 4, 4, 4, 4, 4, 4, 4, 4, 4, 3, 3, 3, 3, 3, 3, 3, 3, 3, 3, 3, 3, 3, 3, 3, 3, 3, 3, 3, 3, 3, 3, 3, 3, 3, 3, 3, 3, 3, 3, 3, 3, 3, 3, 3, 3, 3, 3, 3, 3, 3, 3, 3, 3, 3, 3, 3, 3, 3, 3, 3, 3, 3, 3, 3, 3, 3, 3, 3, 3, 3, 3, 3, 3, 3, 3, 3, 3, 3, 3, 3, 3, 3, 3, 3, 3, 3, 3, 3, 3, 3, 3, 3, 3, 3, 3, 3, 3, 3, 3, 3, 3, 3, 3, 3, 3, 3, 3, 3, 3, 3, 3, 3, 3, 3, 3, 3, 3, 3, 3, 3, 3, 3, 3, 3, 3, 3, 3, 3, 3, 3, 3, 3, 3, 3, 3, 3, 3, 4, 4, 4, 4, 4, 4, 4, 4, 4, 4, 4, 4, 4, 4, 4, 4, 4, 4, 4, 4, 4, 4, 4, 4, 4, 4, 4, 4, 4, 4, 4, 4, 4, 4, 4, 4, 4, 4, 4, 4, 4, 4, 4, 4, 4, 4, 4, 4, 4, 4, 4, 4, 4, 4, 4, 4, 4, 4, 4, 4, 4, 4, 4, 4]
            int[] faceVertexIndices = [0, 1, 65, 64, 1, 2, 66, 65, 2, 3, 67, 66, 3, 4, 68, 67, 4, 5, 69, 68, 5, 6, 70, 69, 6, 7, 71, 70, 7, 8, 72, 71, 8, 9, 73, 72, 9, 10, 74, 73, 10, 11, 75, 74, 11, 12, 76, 75, 12, 13, 77, 76, 13, 14, 78, 77, 14, 15, 79, 78, 15, 16, 80, 79, 16, 17, 81, 80, 17, 18, 82, 81, 18, 19, 83, 82, 19, 20, 84, 83, 20, 21, 85, 84, 21, 22, 86, 85, 22, 23, 87, 86, 23, 24, 88, 87, 24, 25, 89, 88, 25, 26, 90, 89, 26, 27, 91, 90, 27, 28, 92, 91, 28, 29, 93, 92, 29, 30, 94, 93, 30, 31, 95, 94, 31, 32, 96, 95, 32, 33, 97, 96, 33, 34, 98, 97, 34, 35, 99, 98, 35, 36, 100, 99, 36, 37, 101, 100, 37, 38, 102, 101, 38, 39, 103, 102, 39, 40, 104, 103, 40, 41, 105, 104, 41, 42, 106, 105, 42, 43, 107, 106, 43, 44, 108, 107, 44, 45, 109, 108, 45, 46, 110, 109, 46, 47, 111, 110, 47, 48, 112, 111, 48, 49, 113, 112, 49, 50, 114, 113, 50, 51, 115, 114, 51, 52, 116, 115, 52, 53, 117, 116, 53, 54, 118, 117, 54, 55, 119, 118, 55, 56, 120, 119, 56, 57, 121, 120, 57, 58, 122, 121, 58, 59, 123, 122, 59, 60, 124, 123, 60, 61, 125, 124, 61, 62, 126, 125, 62, 63, 127, 126, 63, 0, 64, 127, 64, 65, 129, 128, 65, 66, 130, 129, 66, 67, 131, 130, 67, 68, 132, 131, 68, 69, 133, 132, 69, 70, 134, 133, 70, 71, 135, 134, 71, 72, 136, 135, 72, 73, 137, 136, 73, 74, 138, 137, 74, 75, 139, 138, 75, 76, 140, 139, 76, 77, 141, 140, 77, 78, 142, 141, 78, 79, 143, 142, 79, 80, 144, 143, 80, 81, 145, 144, 81, 82, 146, 145, 82, 83, 147, 146, 83, 84, 148, 147, 84, 85, 149, 148, 85, 86, 150, 149, 86, 87, 151, 150, 87, 88, 152, 151, 88, 89, 153, 152, 89, 90, 154, 153, 90, 91, 155, 154, 91, 92, 156, 155, 92, 93, 157, 156, 93, 94, 158, 157, 94, 95, 159, 158, 95, 96, 160, 159, 96, 97, 161, 160, 97, 98, 162, 161, 98, 99, 163, 162, 99, 100, 164, 163, 100, 101, 165, 164, 101, 102, 166, 165, 102, 103, 167, 166, 103, 104, 168, 167, 104, 105, 169, 168, 105, 106, 170, 169, 106, 107, 171, 170, 107, 108, 172, 171, 108, 109, 173, 172, 109, 110, 174, 173, 110, 111, 175, 174, 111, 112, 176, 175, 112, 113, 177, 176, 113, 114, 178, 177, 114, 115, 179, 178, 115, 116, 180, 179, 116, 117, 181, 180, 117, 118, 182, 181, 118, 119, 183, 182, 119, 120, 184, 183, 120, 121, 185, 184, 121, 122, 186, 185, 122, 123, 187, 186, 123, 124, 188, 187, 124, 125, 189, 188, 125, 126, 190, 189, 126, 127, 191, 190, 127, 64, 128, 191, 128, 129, 192, 129, 130, 192, 130, 131, 192, 131, 132, 192, 132, 133, 192, 133, 134, 192, 134, 135, 192, 135, 136, 192, 136, 137, 192, 137, 138, 192, 138, 139, 192, 139, 140, 192, 140, 141, 192, 141, 142, 192, 142, 143, 192, 143, 144, 192, 144, 145, 192, 145, 146, 192, 146, 147, 192, 147, 148, 192, 148, 149, 192, 149, 150, 192, 150, 151, 192, 151, 152, 192, 152, 153, 192, 153, 154, 192, 154, 155, 192, 155, 156, 192, 156, 157, 192, 157, 158, 192, 158, 159, 192, 159, 160, 192, 160, 161, 192, 161, 162, 192, 162, 163, 192, 163, 164, 192, 164, 165, 192, 165, 166, 192, 166, 167, 192, 167, 168, 192, 168, 169, 192, 169, 170, 192, 170, 171, 192, 171, 172, 192, 172, 173, 192, 173, 174, 192, 174, 175, 192, 175, 176, 192, 176, 177, 192, 177, 178, 192, 178, 179, 192, 179, 180, 192, 180, 181, 192, 181, 182, 192, 182, 183, 192, 183, 184, 192, 184, 185, 192, 185, 186, 192, 186, 187, 192, 187, 188, 192, 188, 189, 192, 189, 190, 192, 190, 191, 192, 191, 128, 192, 193, 195, 194, 193, 196, 195, 193, 197, 196, 193, 198, 197, 193, 199, 198, 193, 200, 199, 193, 201, 200, 193, 202, 201, 193, 203, 202, 193, 204, 203, 193, 205, 204, 193, 206, 205, 193, 207, 206, 193, 208, 207, 193, 209, 208, 193, 210, 209, 193, 211, 210, 193, 212, 211, 193, 213, 212, 193, 214, 213, 193, 215, 214, 193, 216, 215, 193, 217, 216, 193, 218, 217, 193, 219, 218, 193, 220, 219, 193, 221, 220, 193, 222, 221, 193, 223, 222, 193, 224, 223, 193, 225, 224, 193, 226, 225, 193, 227, 226, 193, 228, 227, 193, 229, 228, 193, 230, 229, 193, 231, 230, 193, 232, 231, 193, 233, 232, 193, 234, 233, 193, 235, 234, 193, 236, 235, 193, 237, 236, 193, 238, 237, 193, 239, 238, 193, 240, 239, 193, 241, 240, 193, 242, 241, 193, 243, 242, 193, 244, 243, 193, 245, 244, 193, 246, 245, 193, 247, 246, 193, 248, 247, 193, 249, 248, 193, 250, 249, 193, 251, 250, 193, 252, 251, 193, 253, 252, 193, 254, 253, 193, 255, 254, 193, 256, 255, 193, 257, 256, 193, 194, 257, 194, 195, 1, 0, 195, 196, 2, 1, 196, 197, 3, 2, 197, 198, 4, 3, 198, 199, 5, 4, 199, 200, 6, 5, 200, 201, 7, 6, 201, 202, 8, 7, 202, 203, 9, 8, 203, 204, 10, 9, 204, 205, 11, 10, 205, 206, 12, 11, 206, 207, 13, 12, 207, 208, 14, 13, 208, 209, 15, 14, 209, 210, 16, 15, 210, 211, 17, 16, 211, 212, 18, 17, 212, 213, 19, 18, 213, 214, 20, 19, 214, 215, 21, 20, 215, 216, 22, 21, 216, 217, 23, 22, 217, 218, 24, 23, 218, 219, 25, 24, 219, 220, 26, 25, 220, 221, 27, 26, 221, 222, 28, 27, 222, 223, 29, 28, 223, 224, 30, 29, 224, 225, 31, 30, 225, 226, 32, 31, 226, 227, 33, 32, 227, 228, 34, 33, 228, 229, 35, 34, 229, 230, 36, 35, 230, 231, 37, 36, 231, 232, 38, 37, 232, 233, 39, 38, 233, 234, 40, 39, 234, 235, 41, 40, 235, 236, 42, 41, 236, 237, 43, 42, 237, 238, 44, 43, 238, 239, 45, 44, 239, 240, 46, 45, 240, 241, 47, 46, 241, 242, 48, 47, 242, 243, 49, 48, 243, 244, 50, 49, 244, 245, 51, 50, 245, 246, 52, 51, 246, 247, 53, 52, 247, 248, 54, 53, 248, 249, 55, 54, 249, 250, 56, 55, 250, 251, 57, 56, 251, 252, 58, 57, 252, 253, 59, 58, 253, 254, 60, 59, 254, 255, 61, 60, 255, 256, 62, 61, 256, 257, 63, 62, 257, 194, 0, 63]
            rel material:binding = </Fixture/Adapter>
            point3f[] points = [(0.189, 0, 0.12), (0.18895666, 0.0008821543, 0.12), (0.18882707, 0.0017558129, 0.12), (0.18861246, 0.0026125622, 0.12), (0.18831491, 0.0034441508, 0.12), (0.18793729, 0.0042425706, 0.12), (0.18748322, 0.005000132, 0.12), (0.18695709, 0.0057095396, 0.12), (0.18636397, 0.006363961, 0.12), (0.18570954, 0.006957094, 0.12), (0.18500014, 0.0074832267, 0.12), (0.18424258, 0.007937292, 0.12), (0.18344416, 0.008314916, 0.12), (0.18261257, 0.008612463, 0.12), (0.18175581, 0.008827068, 0.12), (0.18088216, 0.008956662, 0.12), (0.18, 0.009, 0.12), (0.17911784, 0.008956662, 0.12), (0.17824419, 0.008827068, 0.12), (0.17738743, 0.008612463, 0.12), (0.17655584, 0.008314916, 0.12), (0.17575742, 0.007937292, 0.12), (0.17499986, 0.0074832267, 0.12), (0.17429046, 0.006957094, 0.12), (0.17363603, 0.006363961, 0.12), (0.17304291, 0.0057095396, 0.12), (0.17251678, 0.005000132, 0.12), (0.17206271, 0.0042425706, 0.12), (0.17168508, 0.0034441508, 0.12), (0.17138754, 0.0026125622, 0.12), (0.17117293, 0.0017558129, 0.12), (0.17104334, 0.0008821543, 0.12), (0.171, 1.1021821e-18, 0.12), (0.17104334, -0.0008821543, 0.12), (0.17117293, -0.0017558129, 0.12), (0.17138754, -0.0026125622, 0.12), (0.17168508, -0.0034441508, 0.12), (0.17206271, -0.0042425706, 0.12), (0.17251678, -0.005000132, 0.12), (0.17304291, -0.0057095396, 0.12), (0.17363603, -0.006363961, 0.12), (0.17429046, -0.006957094, 0.12), (0.17499986, -0.0074832267, 0.12), (0.17575742, -0.007937292, 0.12), (0.17655584, -0.008314916, 0.12), (0.17738743, -0.008612463, 0.12), (0.17824419, -0.008827068, 0.12), (0.17911784, -0.008956662, 0.12), (0.18, -0.009, 0.12), (0.18088216, -0.008956662, 0.12), (0.18175581, -0.008827068, 0.12), (0.18261257, -0.008612463, 0.12), (0.18344416, -0.008314916, 0.12), (0.18424258, -0.007937292, 0.12), (0.18500014, -0.0074832267, 0.12), (0.18570954, -0.006957094, 0.12), (0.18636397, -0.006363961, 0.12), (0.18695709, -0.0057095396, 0.12), (0.18748322, -0.005000132, 0.12), (0.18793729, -0.0042425706, 0.12), (0.18831491, -0.0034441508, 0.12), (0.18861246, -0.0026125622, 0.12), (0.18882707, -0.0017558129, 0.12), (0.18895666, -0.0008821543, 0.12), (0.212, 0, 0.12), (0.2118459, 0.0031365484, 0.12), (0.21138513, 0.0062428904, 0.12), (0.21062209, 0.00928911, 0.12), (0.20956415, 0.01224587, 0.12), (0.20822148, 0.015084696, 0.12), (0.20660703, 0.017778248, 0.12), (0.20473634, 0.020300586, 0.12), (0.20262742, 0.022627417, 0.12), (0.20030059, 0.024736334, 0.12), (0.19777825, 0.026607027, 0.12), (0.19508469, 0.02822148, 0.12), (0.19224587, 0.029564146, 0.12), (0.18928911, 0.030622091, 0.12), (0.1862429, 0.031385127, 0.12), (0.18313655, 0.031845912, 0.12), (0.18, 0.032, 0.12), (0.17686345, 0.031845912, 0.12), (0.1737571, 0.031385127, 0.12), (0.17071089, 0.030622091, 0.12), (0.16775413, 0.029564146, 0.12), (0.16491531, 0.02822148, 0.12), (0.16222176, 0.026607027, 0.12), (0.15969941, 0.024736334, 0.12), (0.15737258, 0.022627417, 0.12), (0.15526366, 0.020300586, 0.12), (0.15339297, 0.017778248, 0.12), (0.15177852, 0.015084696, 0.12), (0.15043585, 0.01224587, 0.12), (0.14937791, 0.00928911, 0.12), (0.14861487, 0.0062428904, 0.12), (0.1481541, 0.0031365484, 0.12), (0.148, 3.91887e-18, 0.12), (0.1481541, -0.0031365484, 0.12), (0.14861487, -0.0062428904, 0.12), (0.14937791, -0.00928911, 0.12), (0.15043585, -0.01224587, 0.12), (0.15177852, -0.015084696, 0.12), (0.15339297, -0.017778248, 0.12), (0.15526366, -0.020300586, 0.12), (0.15737258, -0.022627417, 0.12), (0.15969941, -0.024736334, 0.12), (0.16222176, -0.026607027, 0.12), (0.16491531, -0.02822148, 0.12), (0.16775413, -0.029564146, 0.12), (0.17071089, -0.030622091, 0.12), (0.1737571, -0.031385127, 0.12), (0.17686345, -0.031845912, 0.12), (0.18, -0.032, 0.12), (0.18313655, -0.031845912, 0.12), (0.1862429, -0.031385127, 0.12), (0.18928911, -0.030622091, 0.12), (0.19224587, -0.029564146, 0.12), (0.19508469, -0.02822148, 0.12), (0.19777825, -0.026607027, 0.12), (0.20030059, -0.024736334, 0.12), (0.20262742, -0.022627417, 0.12), (0.20473634, -0.020300586, 0.12), (0.20660703, -0.017778248, 0.12), (0.20822148, -0.015084696, 0.12), (0.20956415, -0.01224587, 0.12), (0.21062209, -0.00928911, 0.12), (0.21138513, -0.0062428904, 0.12), (0.2118459, -0.0031365484, 0.12), (0.212, 0, 0.153), (0.2118459, 0.0031365484, 0.153), (0.21138513, 0.0062428904, 0.153), (0.21062209, 0.00928911, 0.153), (0.20956415, 0.01224587, 0.153), (0.20822148, 0.015084696, 0.153), (0.20660703, 0.017778248, 0.153), (0.20473634, 0.020300586, 0.153), (0.20262742, 0.022627417, 0.153), (0.20030059, 0.024736334, 0.153), (0.19777825, 0.026607027, 0.153), (0.19508469, 0.02822148, 0.153), (0.19224587, 0.029564146, 0.153), (0.18928911, 0.030622091, 0.153), (0.1862429, 0.031385127, 0.153), (0.18313655, 0.031845912, 0.153), (0.18, 0.032, 0.153), (0.17686345, 0.031845912, 0.153), (0.1737571, 0.031385127, 0.153), (0.17071089, 0.030622091, 0.153), (0.16775413, 0.029564146, 0.153), (0.16491531, 0.02822148, 0.153), (0.16222176, 0.026607027, 0.153), (0.15969941, 0.024736334, 0.153), (0.15737258, 0.022627417, 0.153), (0.15526366, 0.020300586, 0.153), (0.15339297, 0.017778248, 0.153), (0.15177852, 0.015084696, 0.153), (0.15043585, 0.01224587, 0.153), (0.14937791, 0.00928911, 0.153), (0.14861487, 0.0062428904, 0.153), (0.1481541, 0.0031365484, 0.153), (0.148, 3.91887e-18, 0.153), (0.1481541, -0.0031365484, 0.153), (0.14861487, -0.0062428904, 0.153), (0.14937791, -0.00928911, 0.153), (0.15043585, -0.01224587, 0.153), (0.15177852, -0.015084696, 0.153), (0.15339297, -0.017778248, 0.153), (0.15526366, -0.020300586, 0.153), (0.15737258, -0.022627417, 0.153), (0.15969941, -0.024736334, 0.153), (0.16222176, -0.026607027, 0.153), (0.16491531, -0.02822148, 0.153), (0.16775413, -0.029564146, 0.153), (0.17071089, -0.030622091, 0.153), (0.1737571, -0.031385127, 0.153), (0.17686345, -0.031845912, 0.153), (0.18, -0.032, 0.153), (0.18313655, -0.031845912, 0.153), (0.1862429, -0.031385127, 0.153), (0.18928911, -0.030622091, 0.153), (0.19224587, -0.029564146, 0.153), (0.19508469, -0.02822148, 0.153), (0.19777825, -0.026607027, 0.153), (0.20030059, -0.024736334, 0.153), (0.20262742, -0.022627417, 0.153), (0.20473634, -0.020300586, 0.153), (0.20660703, -0.017778248, 0.153), (0.20822148, -0.015084696, 0.153), (0.20956415, -0.01224587, 0.153), (0.21062209, -0.00928911, 0.153), (0.21138513, -0.0062428904, 0.153), (0.2118459, -0.0031365484, 0.153), (0.18, 0, 0.153), (0.18, 0, 0.145), (0.189, 0, 0.145), (0.18895666, 0.0008821543, 0.145), (0.18882707, 0.0017558129, 0.145), (0.18861246, 0.0026125622, 0.145), (0.18831491, 0.0034441508, 0.145), (0.18793729, 0.0042425706, 0.145), (0.18748322, 0.005000132, 0.145), (0.18695709, 0.0057095396, 0.145), (0.18636397, 0.006363961, 0.145), (0.18570954, 0.006957094, 0.145), (0.18500014, 0.0074832267, 0.145), (0.18424258, 0.007937292, 0.145), (0.18344416, 0.008314916, 0.145), (0.18261257, 0.008612463, 0.145), (0.18175581, 0.008827068, 0.145), (0.18088216, 0.008956662, 0.145), (0.18, 0.009, 0.145), (0.17911784, 0.008956662, 0.145), (0.17824419, 0.008827068, 0.145), (0.17738743, 0.008612463, 0.145), (0.17655584, 0.008314916, 0.145), (0.17575742, 0.007937292, 0.145), (0.17499986, 0.0074832267, 0.145), (0.17429046, 0.006957094, 0.145), (0.17363603, 0.006363961, 0.145), (0.17304291, 0.0057095396, 0.145), (0.17251678, 0.005000132, 0.145), (0.17206271, 0.0042425706, 0.145), (0.17168508, 0.0034441508, 0.145), (0.17138754, 0.0026125622, 0.145), (0.17117293, 0.0017558129, 0.145), (0.17104334, 0.0008821543, 0.145), (0.171, 1.1021821e-18, 0.145), (0.17104334, -0.0008821543, 0.145), (0.17117293, -0.0017558129, 0.145), (0.17138754, -0.0026125622, 0.145), (0.17168508, -0.0034441508, 0.145), (0.17206271, -0.0042425706, 0.145), (0.17251678, -0.005000132, 0.145), (0.17304291, -0.0057095396, 0.145), (0.17363603, -0.006363961, 0.145), (0.17429046, -0.006957094, 0.145), (0.17499986, -0.0074832267, 0.145), (0.17575742, -0.007937292, 0.145), (0.17655584, -0.008314916, 0.145), (0.17738743, -0.008612463, 0.145), (0.17824419, -0.008827068, 0.145), (0.17911784, -0.008956662, 0.145), (0.18, -0.009, 0.145), (0.18088216, -0.008956662, 0.145), (0.18175581, -0.008827068, 0.145), (0.18261257, -0.008612463, 0.145), (0.18344416, -0.008314916, 0.145), (0.18424258, -0.007937292, 0.145), (0.18500014, -0.0074832267, 0.145), (0.18570954, -0.006957094, 0.145), (0.18636397, -0.006363961, 0.145), (0.18695709, -0.0057095396, 0.145), (0.18748322, -0.005000132, 0.145), (0.18793729, -0.0042425706, 0.145), (0.18831491, -0.0034441508, 0.145), (0.18861246, -0.0026125622, 0.145), (0.18882707, -0.0017558129, 0.145), (0.18895666, -0.0008821543, 0.145)]
            uniform token subdivisionScheme = "none"
        }
    }

    def Material "Steel"
    {
        token outputs:surface.connect = </Fixture/Steel/Surface.outputs:surface>

        def Shader "Surface"
        {
            uniform token info:id = "UsdPreviewSurface"
            color3f inputs:diffuseColor = (0.35, 0.4, 0.46)
            float inputs:metallic = 0.7
            float inputs:roughness = 0.3
            token outputs:surface
        }
    }

    def Material "Adapter"
    {
        token outputs:surface.connect = </Fixture/Adapter/Surface.outputs:surface>

        def Shader "Surface"
        {
            uniform token info:id = "UsdPreviewSurface"
            color3f inputs:diffuseColor = (0.36, 0.22, 0.08)
            float inputs:metallic = 0.7
            float inputs:roughness = 0.3
            token outputs:surface
        }
    }
}

